100644,Clay,0.707317073170732
100644,Grass,0.666666666666667
100644,Hard,0.625954198473282
100754,Hard,0.5
101086,Hard,0.333333333333333
101150,Grass,0.2
101150,Hard,0.315789473684211
101320,Carpet,0.666666666666667
101320,Clay,0.555555555555556
101320,Grass,0.4
101320,Hard,0.454545454545455
101495,Clay,0.666666666666667
101532,Clay,0.290322580645161
101532,Hard,0.5
101543,Hard,0.125
101611,Clay,0.44
101611,Grass,0.444444444444444
101611,Hard,0.428571428571429
101647,Grass,0.571428571428571
101647,Hard,0.318181818181818
101662,Hard,0.4
101723,Clay,0.428571428571429
101723,Grass,0.5
101723,Hard,0.5
101727,Grass,0.5
101727,Hard,0.5
101733,Clay,0.333333333333333
101733,Grass,0.333333333333333
101733,Hard,0.461538461538462
101735,Clay,0.2
101735,Hard,0.142857142857143
101736,Carpet,0.5
101736,Clay,0.702127659574468
101736,Grass,0.666666666666667
101736,Hard,0.792207792207792
101746,Clay,0.25
101746,Hard,0.285714285714286
101750,Grass,0.333333333333333
101774,Clay,0.423076923076923
101774,Grass,0.631578947368421
101774,Hard,0.540540540540541
101792,Clay,0.3
101792,Grass,0.5
101792,Hard,0.125
101806,Clay,0.25
101806,Hard,0.5
101810,Hard,0.5
101820,Carpet,0.4
101820,Clay,0.32
101820,Grass,0.363636363636364
101820,Hard,0.37037037037037
101831,Clay,0.5
101833,Hard,0.5
101840,Hard,0.5
101843,Carpet,0.5
101843,Clay,0.46875
101855,Clay,0.25
101868,Carpet,0.333333333333333
101868,Clay,0.235294117647059
101868,Grass,0.368421052631579
101868,Hard,0.176470588235294
101885,Carpet,0.428571428571429
101885,Clay,0.377777777777778
101885,Grass,0.533333333333333
101885,Hard,0.441860465116279
101888,Hard,0.222222222222222
101889,Grass,0.714285714285714
101889,Hard,0.166666666666667
101895,Clay,0.75
101895,Hard,0.666666666666667
101897,Clay,0.5
101897,Grass,0.333333333333333
101897,Hard,0.5
101902,Grass,0.5
101924,Grass,0.333333333333333
101924,Hard,0.333333333333333
101938,Carpet,0.333333333333333
101938,Clay,0.6
101947,Clay,0.333333333333333
101948,Clay,0.444444444444444
101948,Grass,0.615384615384615
101948,Hard,0.71875
101956,Hard,0.375
101957,Clay,0.5
101962,Carpet,0.529411764705882
101962,Clay,0.631067961165049
101962,Grass,0.538461538461538
101962,Hard,0.519607843137255
101964,Carpet,0.6
101964,Clay,0.125
101964,Grass,0.666666666666667
101964,Hard,0.469387755102041
101965,Carpet,0.333333333333333
101965,Clay,0.481481481481481
101965,Grass,0.608695652173913
101965,Hard,0.51
101970,Clay,0.5
101976,Clay,0.625
101990,Carpet,0.666666666666667
101990,Clay,0.666666666666667
101990,Grass,0.6
101990,Hard,0.444444444444444
101991,Clay,0.75
101997,Hard,0.5
102021,Clay,0.357142857142857
102021,Grass,0.285714285714286
102021,Hard,0.339622641509434
102024,Clay,0.5
102033,Clay,0.166666666666667
102035,Carpet,0.583333333333333
102035,Clay,0.25
102035,Grass,0.656716417910448
102035,Hard,0.444444444444444
102055,Clay,0.5
102055,Hard,0.5
102061,Hard,0.666666666666667
102076,Hard,0.444444444444444
102077,Carpet,0.666666666666667
102087,Carpet,0.5
102087,Clay,0.25
102087,Hard,0.5625
102093,Grass,0.2
102093,Hard,0.25
102100,Clay,0.375
102104,Clay,0.5
102106,Carpet,0.4
102106,Clay,0.338983050847458
102106,Grass,0.363636363636364
102106,Hard,0.452554744525547
102107,Carpet,0.5
102107,Clay,0.631578947368421
102107,Hard,0.428571428571429
102110,Grass,0.333333333333333
102110,Hard,0.25
102131,Carpet,0.6
102131,Hard,0.5
102135,Clay,0.2
102143,Carpet,0.333333333333333
102143,Clay,0.166666666666667
102143,Grass,0.333333333333333
102143,Hard,0.444444444444444
102148,Carpet,0.444444444444444
102148,Clay,0.350877192982456
102148,Grass,0.622950819672131
102148,Hard,0.519650655021834
102153,Clay,0.25
102153,Grass,0.5
102153,Hard,0.2
102154,Clay,0.5
102158,Clay,0.4
102158,Grass,0.8
102158,Hard,0.739130434782609
102162,Grass,0.333333333333333
102162,Hard,0.434782608695652
102167,Clay,0.6
102167,Hard,0.5
102169,Hard,0.333333333333333
102179,Carpet,0.428571428571429
102179,Clay,0.372549019607843
102179,Grass,0.5
102179,Hard,0.386666666666667
102184,Grass,0.4
102184,Hard,0.227272727272727
102192,Clay,0.5
102201,Hard,0.2
102202,Carpet,0.5
102202,Clay,0.133333333333333
102202,Grass,0.46875
102202,Hard,0.503597122302158
102205,Grass,0.5
102205,Hard,0.444444444444444
102223,Clay,0.35
102227,Carpet,0.611111111111111
102227,Clay,0.404255319148936
102227,Grass,0.384615384615385
102227,Hard,0.422222222222222
102231,Clay,0.365079365079365
102231,Grass,0.2
102231,Hard,0.324324324324324
102233,Grass,0.777777777777778
102233,Hard,0.555555555555556
102234,Clay,0.333333333333333
102247,Carpet,0.25
102247,Clay,0.5
102247,Hard,0.192307692307692
102250,Clay,0.5
102257,Carpet,0.633333333333333
102257,Clay,0.296296296296296
102257,Grass,0.722222222222222
102257,Hard,0.567375886524823
102259,Carpet,0.333333333333333
102259,Clay,0.571428571428571
102259,Grass,0.166666666666667
102259,Hard,0.54
102263,Hard,0.5
102269,Clay,0.333333333333333
102269,Grass,0.428571428571429
102269,Hard,0.260869565217391
102271,Carpet,0.571428571428571
102271,Clay,0.389830508474576
102271,Grass,0.55
102271,Hard,0.506666666666667
102286,Carpet,0.4
102286,Clay,0.5
102286,Grass,0.4
102286,Hard,0.461538461538462
102287,Carpet,0.25
102287,Clay,0.433823529411765
102287,Hard,0.230769230769231
102300,Carpet,0.666666666666667
102300,Grass,0.5
102300,Hard,0.384615384615385
102306,Carpet,0.5
102306,Clay,0.461538461538462
102306,Grass,0.375
102306,Hard,0.222222222222222
102318,Carpet,0.564102564102564
102318,Clay,0.558333333333333
102318,Grass,0.384615384615385
102318,Hard,0.469387755102041
102338,Carpet,0.741935483870968
102338,Clay,0.509803921568627
102338,Grass,0.705882352941177
102338,Hard,0.638655462184874
102344,Carpet,0.363636363636364
102344,Clay,0.208333333333333
102344,Grass,0.545454545454545
102344,Hard,0.571428571428571
102358,Carpet,0.5
102358,Clay,0.452380952380952
102358,Grass,0.470588235294118
102358,Hard,0.504132231404959
102362,Clay,0.5
102369,Carpet,0.529411764705882
102369,Clay,0.5625
102369,Hard,0.341463414634146
102374,Carpet,0.142857142857143
102374,Clay,0.601941747572815
102374,Grass,0.333333333333333
102374,Hard,0.486486486486487
102381,Clay,0.333333333333333
102381,Grass,0.5
102381,Hard,0.142857142857143
102382,Clay,0.181818181818182
102382,Grass,0.333333333333333
102382,Hard,0.1875
102401,Grass,0.3
102401,Hard,0.454545454545455
102433,Clay,0.5
102434,Carpet,0.476190476190476
102434,Clay,0.406779661016949
102434,Grass,0.511627906976744
102434,Hard,0.495575221238938
102437,Carpet,0.444444444444444
102437,Clay,0.405405405405405
102437,Grass,0.444444444444444
102437,Hard,0.459459459459459
102443,Grass,0.4
102446,Carpet,0.5
102446,Clay,0.384615384615385
102446,Hard,0.416666666666667
102448,Hard,0.333333333333333
102450,Carpet,0.72972972972973
102450,Clay,0.583333333333333
102450,Grass,0.727272727272727
102450,Hard,0.63681592039801
102456,Carpet,0.25
102456,Clay,0.578947368421053
102456,Grass,0.333333333333333
102456,Hard,0.46875
102464,Hard,0.285714285714286
102466,Hard,0.25
102469,Clay,0.4
102473,Clay,0.25
102477,Clay,0.3
102477,Hard,0.666666666666667
102494,Carpet,0.6
102494,Clay,0.383333333333333
102494,Hard,0.28
102496,Hard,0.2
102497,Hard,0.25
102512,Grass,0.2
102512,Hard,0.4375
102524,Grass,0.545454545454545
102524,Hard,0.230769230769231
102533,Clay,0.375
102533,Grass,0.333333333333333
102538,Carpet,0.285714285714286
102538,Hard,0.428571428571429
102539,Carpet,0.48
102539,Clay,0.403846153846154
102539,Grass,0.222222222222222
102539,Hard,0.493975903614458
102544,Clay,0.444444444444444
102548,Clay,0.339622641509434
102548,Hard,0.25
102556,Carpet,0.5
102556,Clay,0.714285714285714
102556,Hard,0.5
102558,Clay,0.5
102558,Hard,0.35
102562,Carpet,0.605263157894737
102562,Clay,0.60655737704918
102562,Grass,0.538461538461538
102562,Hard,0.61038961038961
102563,Carpet,0.652173913043478
102563,Clay,0.428571428571429
102563,Grass,0.653846153846154
102563,Hard,0.566502463054187
102565,Carpet,0.428571428571429
102565,Clay,0.348837209302326
102565,Grass,0.266666666666667
102565,Hard,0.230769230769231
102567,Carpet,0.375
102567,Clay,0.125
102567,Grass,0.25
102567,Hard,0.345454545454545
102571,Carpet,0.454545454545455
102571,Grass,0.4
102571,Hard,0.418181818181818
102574,Clay,0.333333333333333
102607,Clay,0.466666666666667
102607,Hard,0.4
102610,Carpet,0.3
102610,Clay,0.602941176470588
102610,Hard,0.4375
102615,Clay,0.333333333333333
102615,Grass,0.333333333333333
102615,Hard,0.35
102617,Clay,0.75
102630,Clay,0.333333333333333
102630,Hard,0.333333333333333
102642,Carpet,0.583333333333333
102642,Clay,0.142857142857143
102642,Grass,0.434782608695652
102642,Hard,0.427184466019417
102644,Clay,0.518518518518518
102644,Hard,0.382352941176471
102652,Clay,0.142857142857143
102652,Hard,0.222222222222222
102655,Clay,0.666666666666667
102655,Hard,0.4
102667,Hard,0.25
102669,Hard,0.444444444444444
102694,Carpet,0.166666666666667
102694,Clay,0.320754716981132
102694,Grass,0.347826086956522
102694,Hard,0.424242424242424
102696,Clay,0.222222222222222
102701,Carpet,0.285714285714286
102701,Clay,0.487179487179487
102701,Hard,0.674698795180723
102703,Carpet,0.5
102703,Clay,0.482142857142857
102703,Grass,0.472222222222222
102703,Hard,0.467741935483871
102715,Clay,0.333333333333333
102720,Carpet,0.142857142857143
102720,Clay,0.3
102720,Grass,0.4
102720,Hard,0.294117647058824
102722,Clay,0.477272727272727
102722,Hard,0.285714285714286
102730,Carpet,0.416666666666667
102730,Clay,0.181818181818182
102730,Grass,0.25
102730,Hard,0.38
102737,Carpet,0.5
102737,Hard,0.571428571428571
102740,Clay,0.7
102740,Hard,0.5
102765,Carpet,0.607142857142857
102765,Clay,0.391304347826087
102765,Grass,0.65
102765,Hard,0.654761904761905
102768,Clay,0.416666666666667
102768,Hard,0.285714285714286
102770,Clay,0.4
102770,Grass,0.363636363636364
102770,Hard,0.25
102772,Hard,0.166666666666667
102776,Clay,0.375
102776,Hard,0.34375
102780,Carpet,0.8
102780,Clay,0.333333333333333
102780,Grass,0.333333333333333
102780,Hard,0.142857142857143
102783,Carpet,0.533333333333333
102783,Clay,0.391666666666667
102783,Grass,0.582089552238806
102783,Hard,0.524752475247525
102785,Grass,0.4
102785,Hard,0.333333333333333
102788,Clay,0.266666666666667
102788,Grass,0.482758620689655
102788,Hard,0.266666666666667
102796,Carpet,0.5
102796,Clay,0.348837209302326
102796,Hard,0.516666666666667
102800,Carpet,0.4
102800,Clay,0.2
102800,Grass,0.5
102802,Hard,0.5
102809,Hard,0.363636363636364
102811,Clay,0.538461538461538
102811,Grass,0.5
102811,Hard,0.142857142857143
102812,Clay,0.25
102812,Hard,0.25
102817,Clay,0.4
102817,Hard,0.384615384615385
102821,Carpet,0.4
102821,Clay,0.294117647058824
102821,Grass,0.25
102821,Hard,0.373134328358209
102830,Clay,0.428571428571429
102831,Clay,0.444444444444444
102831,Hard,0.153846153846154
102834,Carpet,0.4
102834,Clay,0.4375
102834,Grass,0.4
102834,Hard,0.428571428571429
102836,Clay,0.2
102836,Hard,0.5
102839,Carpet,0.4
102839,Clay,0.508571428571429
102839,Grass,0.375
102839,Hard,0.453781512605042
102843,Hard,0.533333333333333
102845,Carpet,0.636363636363636
102845,Clay,0.711191335740072
102845,Grass,0.5
102845,Hard,0.59051724137931
102851,Clay,0.333333333333333
102851,Hard,0.333333333333333
102854,Carpet,0.555555555555556
102854,Clay,0.48
102854,Grass,0.744186046511628
102854,Hard,0.544117647058823
102855,Clay,0.333333333333333
102855,Hard,0.166666666666667
102856,Carpet,0.529411764705882
102856,Clay,0.700854700854701
102856,Grass,0.5
102856,Hard,0.611111111111111
102860,Carpet,0.384615384615385
102860,Clay,0.594202898550725
102860,Grass,0.285714285714286
102860,Hard,0.442857142857143
102863,Carpet,0.9
102863,Clay,0.333333333333333
102863,Grass,0.25
102863,Hard,0.522727272727273
102868,Hard,0.5
102869,Clay,0.468085106382979
102869,Hard,0.125
102880,Clay,0.217391304347826
102880,Grass,0.606060606060606
102880,Hard,0.333333333333333
102882,Carpet,0.25
102882,Clay,0.454545454545455
102882,Grass,0.7
102882,Hard,0.5
102886,Clay,0.421052631578947
102886,Grass,0.5
102887,Clay,0.645161290322581
102887,Grass,0.166666666666667
102887,Hard,0.458333333333333
102902,Grass,0.5
102902,Hard,0.333333333333333
102904,Clay,0.666666666666667
102905,Carpet,0.521739130434783
102905,Clay,0.449152542372881
102905,Grass,0.304347826086957
102905,Hard,0.444444444444444
102910,Clay,0.333333333333333
102911,Carpet,0.2
102911,Clay,0.4
102911,Grass,0.4
102911,Hard,0.4
102921,Grass,0.333333333333333
102921,Hard,0.111111111111111
102925,Clay,0.222222222222222
102925,Grass,0.46875
102925,Hard,0.3
102928,Hard,0.857142857142857
102934,Clay,0.48
102950,Carpet,0.166666666666667
102950,Clay,0.421052631578947
102950,Grass,0.307692307692308
102950,Hard,0.403225806451613
102957,Clay,0.25
102957,Hard,0.368421052631579
102959,Carpet,0.333333333333333
102959,Clay,0.8
102959,Hard,0.5
102965,Grass,0.285714285714286
102966,Hard,0.333333333333333
102967,Carpet,0.666666666666667
102967,Clay,0.440677966101695
102967,Grass,0.423076923076923
102967,Hard,0.41747572815534
102968,Grass,0.333333333333333
102968,Hard,0.6
102969,Hard,0.4
102983,Hard,0.75
102985,Clay,0.5
102987,Carpet,0.363636363636364
102987,Clay,0.310344827586207
102987,Grass,0.444444444444444
102987,Hard,0.341463414634146
102997,Clay,0.375
102997,Hard,0.333333333333333
102998,Carpet,0.285714285714286
102998,Clay,0.125
102998,Grass,0.454545454545455
102998,Hard,0.552325581395349
102999,Carpet,0.5
102999,Clay,0.321428571428571
102999,Grass,0.428571428571429
102999,Hard,0.25
103003,Clay,0.5
103003,Hard,0.5
103007,Clay,0.384615384615385
103007,Grass,0.5
103009,Clay,0.379310344827586
103009,Grass,0.2
103009,Hard,0.125
103017,Carpet,0.571428571428571
103017,Clay,0.451219512195122
103017,Grass,0.571428571428571
103017,Hard,0.561946902654867
103018,Carpet,0.589285714285714
103018,Clay,0.379746835443038
103018,Grass,0.545454545454545
103018,Hard,0.512315270935961
103029,Clay,0.307692307692308
103029,Hard,0.666666666666667
103032,Clay,0.333333333333333
103033,Carpet,0.5
103033,Clay,0.5
103035,Clay,0.340909090909091
103035,Grass,0.333333333333333
103035,Hard,0.25
103047,Carpet,0.666666666666667
103047,Clay,0.25
103050,Clay,0.8
103050,Hard,0.333333333333333
103053,Carpet,0.333333333333333
103053,Clay,0.75
103060,Carpet,0.6
103060,Clay,0.6
103063,Clay,0.25
103063,Hard,0.357142857142857
103065,Hard,0.6
103066,Carpet,0.375
103066,Hard,0.473684210526316
103077,Carpet,0.333333333333333
103077,Clay,0.789473684210526
103077,Hard,0.181818181818182
103082,Clay,0.142857142857143
103082,Hard,0.285714285714286
103084,Carpet,0.5
103084,Clay,0.635802469135803
103084,Grass,0.647058823529412
103084,Hard,0.606666666666667
103096,Carpet,0.5
103096,Clay,0.426966292134831
103096,Grass,0.565789473684211
103096,Hard,0.494296577946768
103102,Hard,0.25
103103,Carpet,0.571428571428571
103103,Clay,0.459459459459459
103103,Grass,0.263157894736842
103103,Hard,0.55241935483871
103104,Clay,0.5
103104,Hard,0.125
103105,Clay,0.392156862745098
103105,Hard,0.205128205128205
103110,Carpet,0.384615384615385
103110,Clay,0.4
103110,Grass,0.5
103110,Hard,0.333333333333333
103114,Carpet,0.5
103114,Clay,0.222222222222222
103114,Grass,0.476190476190476
103114,Hard,0.2
103118,Clay,0.2
103125,Carpet,0.25
103133,Clay,0.487179487179487
103133,Grass,0.4
103133,Hard,0.2
103145,Clay,0.4
103145,Hard,0.6
103151,Carpet,0.2
103151,Clay,0.573099415204678
103151,Hard,0.392405063291139
103153,Carpet,0.571428571428571
103153,Clay,0.333333333333333
103153,Grass,0.45
103153,Hard,0.333333333333333
103154,Hard,0.125
103157,Carpet,0.25
103157,Grass,0.333333333333333
103157,Hard,0.333333333333333
103163,Carpet,0.68
103163,Clay,0.578947368421053
103163,Grass,0.632352941176471
103163,Hard,0.634844868735084
103165,Clay,0.166666666666667
103166,Carpet,0.55
103166,Clay,0.0666666666666667
103166,Grass,0.272727272727273
103166,Hard,0.461538461538462
103169,Clay,0.411347517730496
103169,Grass,0.1
103169,Hard,0.135135135135135
103171,Carpet,0.333333333333333
103171,Clay,0.363636363636364
103171,Grass,0.534883720930233
103171,Hard,0.390243902439024
103174,Carpet,0.25
103174,Clay,0.375
103174,Grass,0.333333333333333
103174,Hard,0.405797101449275
103175,Hard,0.6
103176,Clay,0.513888888888889
103176,Hard,0.209302325581395
103178,Clay,0.5
103181,Carpet,0.125
103181,Clay,0.397959183673469
103181,Grass,0.142857142857143
103181,Hard,0.285714285714286
103182,Clay,0.454545454545455
103182,Grass,0.2
103182,Hard,0.357142857142857
103184,Clay,0.375
103184,Grass,0.5
103184,Hard,0.315789473684211
103185,Grass,0.25
103185,Hard,0.5
103188,Clay,0.25
103188,Grass,0.32258064516129
103188,Hard,0.384615384615385
103193,Clay,0.285714285714286
103193,Grass,0.5625
103193,Hard,0.411764705882353
103197,Carpet,0.5
103197,Clay,0.4
103198,Clay,0.25
103201,Clay,0.368421052631579
103201,Hard,0.285714285714286
103202,Clay,0.428571428571429
103204,Clay,0.305555555555556
103204,Hard,0.4
103205,Clay,0.571428571428571
103206,Carpet,0.666666666666667
103206,Clay,0.608247422680412
103206,Grass,0.642857142857143
103206,Hard,0.559471365638767
103225,Carpet,0.75
103225,Clay,0.142857142857143
103225,Hard,0.4
103226,Clay,0.6
103226,Hard,0.5
103228,Clay,0.396825396825397
103228,Grass,0.142857142857143
103228,Hard,0.0416666666666667
103229,Clay,0.454545454545455
103229,Hard,0.444444444444444
103230,Hard,0.25
103238,Hard,0.333333333333333
103239,Hard,0.666666666666667
103240,Carpet,0.25
103240,Clay,0.214285714285714
103240,Grass,0.222222222222222
103240,Hard,0.357894736842105
103242,Clay,0.5
103248,Carpet,0.4
103248,Clay,0.352941176470588
103248,Grass,0.384615384615385
103248,Hard,0.323076923076923
103250,Hard,0.666666666666667
103252,Clay,0.513761467889908
103252,Grass,0.1875
103252,Hard,0.376068376068376
103254,Grass,0.4
103264,Carpet,0.333333333333333
103264,Clay,0.506493506493506
103264,Hard,0.352941176470588
103270,Grass,0.5
103273,Hard,0.5
103280,Carpet,0.571428571428571
103280,Clay,0.516666666666667
103280,Grass,0.333333333333333
103280,Hard,0.386363636363636
103285,Carpet,0.6
103285,Clay,0.552486187845304
103285,Grass,0.589041095890411
103285,Hard,0.557291666666667
103286,Clay,0.333333333333333
103286,Hard,0.4
103287,Clay,0.333333333333333
103292,Carpet,0.454545454545455
103292,Clay,0.68796992481203
103292,Grass,0.333333333333333
103292,Hard,0.43298969072165
103294,Carpet,0.3125
103294,Clay,0.410958904109589
103294,Grass,0.0952380952380952
103294,Hard,0.3125
103296,Carpet,0.571428571428571
103296,Clay,0.2
103297,Grass,0.333333333333333
103297,Hard,0.28
103305,Clay,0.222222222222222
103318,Clay,0.291666666666667
103318,Hard,0.125
103319,Clay,0.166666666666667
103319,Grass,0.4
103319,Hard,0.384615384615385
103324,Clay,0.323529411764706
103324,Hard,0.3
103325,Carpet,0.538461538461538
103325,Grass,0.434782608695652
103325,Hard,0.455555555555556
103333,Carpet,0.4
103333,Clay,0.4296875
103333,Grass,0.63716814159292
103333,Hard,0.529550827423168
103337,Hard,0.625
103339,Grass,0.333333333333333
103339,Hard,0.428571428571429
103344,Carpet,0.68
103344,Clay,0.564935064935065
103344,Grass,0.5
103344,Hard,0.621621621621622
103356,Carpet,0.333333333333333
103356,Clay,0.365853658536585
103356,Grass,0.523809523809524
103356,Hard,0.4375
103369,Clay,0.4
103369,Grass,0.5
103369,Hard,0.25
103373,Clay,0.333333333333333
103373,Grass,0.166666666666667
103373,Hard,0.111111111111111
103385,Grass,0.5
103385,Hard,0.142857142857143
103387,Carpet,0.642857142857143
103387,Clay,0.195121951219512
103387,Grass,0.578947368421053
103387,Hard,0.613475177304965
103393,Clay,0.5
103393,Hard,0.111111111111111
103395,Clay,0.272727272727273
103397,Clay,0.333333333333333
103397,Grass,0.2
103397,Hard,0.333333333333333
103401,Carpet,0.307692307692308
103401,Clay,0.317073170731707
103401,Grass,0.475
103401,Hard,0.42156862745098
103402,Carpet,0.25
103402,Clay,0.6
103403,Hard,0.333333333333333
103408,Clay,0.166666666666667
103408,Grass,0.3
103408,Hard,0.354166666666667
103413,Clay,0.2
103413,Hard,0.181818181818182
103419,Hard,0.5
103420,Carpet,0.333333333333333
103420,Clay,0.433333333333333
103420,Hard,0.472222222222222
103421,Hard,0.4
103424,Hard,0.666666666666667
103427,Hard,0.416666666666667
103428,Carpet,0.285714285714286
103428,Clay,0.596026490066225
103428,Grass,0.307692307692308
103428,Hard,0.517094017094017
103429,Clay,0.274193548387097
103429,Grass,0.444444444444444
103429,Hard,0.338983050847458
103435,Grass,0.5
103439,Hard,0.5
103444,Carpet,0.4
103444,Clay,0.430769230769231
103444,Grass,0.2
103444,Hard,0.363636363636364
103448,Clay,0.333333333333333
103451,Carpet,0.25
103451,Clay,0.381818181818182
103451,Grass,0.0714285714285714
103451,Hard,0.4
103454,Carpet,0.476190476190476
103454,Clay,0.573839662447257
103454,Grass,0.333333333333333
103454,Hard,0.445945945945946
103455,Clay,0.416666666666667
103455,Grass,0.285714285714286
103455,Hard,0.5
103460,Hard,0.5
103468,Grass,0.75
103468,Hard,0.25
103470,Clay,0.166666666666667
103470,Grass,0.222222222222222
103470,Hard,0.349397590361446
103472,Carpet,0.4
103472,Clay,0.454545454545455
103472,Hard,0.2
103478,Clay,0.5
103483,Hard,0.5
103484,Carpet,0.4375
103484,Clay,0.46
103484,Grass,0.525423728813559
103484,Hard,0.64334085778781
103487,Carpet,0.333333333333333
103487,Clay,0.379310344827586
103487,Hard,0.333333333333333
103490,Clay,0.474358974358974
103490,Hard,0.0769230769230769
103498,Carpet,0.722222222222222
103498,Clay,0.607692307692308
103498,Grass,0.621621621621622
103498,Hard,0.588235294117647
103499,Clay,0.333333333333333
103499,Grass,0.529411764705882
103499,Hard,0.4
103503,Carpet,0.444444444444444
103503,Clay,0.391304347826087
103503,Grass,0.2
103503,Hard,0.285714285714286
103504,Hard,0.818181818181818
103505,Carpet,0.666666666666667
103505,Clay,0.428571428571429
103505,Hard,0.333333333333333
103506,Clay,0.422222222222222
103506,Grass,0.285714285714286
103506,Hard,0.148148148148148
103507,Carpet,0.541666666666667
103507,Clay,0.722408026755853
103507,Grass,0.625
103507,Hard,0.576642335766423
103510,Clay,0.5
103514,Hard,0.571428571428571
103516,Grass,0.5
103516,Hard,0.3125
103521,Hard,0.333333333333333
103523,Grass,0.444444444444444
103523,Hard,0.206896551724138
103525,Carpet,0.333333333333333
103525,Clay,0.451612903225806
103525,Grass,0.666666666666667
103525,Hard,0.315789473684211
103527,Clay,0.666666666666667
103527,Hard,0.5
103529,Clay,0.545454545454545
103529,Grass,0.586206896551724
103529,Hard,0.5
103530,Grass,0.333333333333333
103530,Hard,0.285714285714286
103531,Hard,0.333333333333333
103534,Clay,0.386363636363636
103534,Grass,0.333333333333333
103534,Hard,0.238095238095238
103535,Clay,0.352941176470588
103535,Grass,0.5
103535,Hard,0.210526315789474
103538,Hard,0.666666666666667
103543,Clay,0.333333333333333
103544,Carpet,0.5
103544,Clay,0.5
103544,Hard,0.222222222222222
103553,Hard,0.307692307692308
103559,Grass,0.5
103560,Hard,0.25
103565,Clay,0.30952380952381
103565,Grass,0.333333333333333
103565,Hard,0.368421052631579
103566,Carpet,0.375
103566,Clay,0.338983050847458
103566,Grass,0.594202898550725
103566,Hard,0.455284552845528
103568,Carpet,0.333333333333333
103568,Clay,0.285714285714286
103568,Hard,0.4
103573,"",0.5
103573,Clay,0.222222222222222
103573,Grass,0.272727272727273
103573,Hard,0.424242424242424
103580,Carpet,0.428571428571429
103580,Clay,0.291666666666667
103580,Grass,0.210526315789474
103580,Hard,0.407407407407407
103581,Carpet,0.4
103581,Clay,0.520408163265306
103581,Grass,0.5
103581,Hard,0.428571428571429
103582,Carpet,0.5
103582,Clay,0.297872340425532
103582,Grass,0.291666666666667
103582,Hard,0.4125
103583,Clay,0.4
103586,Carpet,0.5
103586,Clay,0.333333333333333
103586,Hard,0.333333333333333
103590,Clay,0.666666666666667
103590,Hard,0.5
103592,Carpet,0.5
103592,Clay,0.1
103592,Hard,0.538461538461538
103594,Carpet,0.333333333333333
103594,Clay,0.428571428571429
103594,Hard,0.285714285714286
103598,Carpet,0.583333333333333
103598,Clay,0.451612903225806
103598,Grass,0.632911392405063
103598,Hard,0.498381877022654
103600,Clay,0.777777777777778
103600,Hard,0.59375
103602,Carpet,0.571428571428571
103602,Clay,0.705357142857143
103602,Grass,0.621621621621622
103602,Hard,0.609848484848485
103607,Clay,0.628571428571429
103607,Grass,0.235294117647059
103607,Hard,0.436619718309859
103612,Carpet,0.333333333333333
103612,Clay,0.75
103612,Hard,0.684210526315789
103626,Clay,0.333333333333333
103630,Hard,0.75
103632,Carpet,0.2
103632,Clay,0.529069767441861
103632,Hard,0.406976744186047
103638,Clay,0.666666666666667
103638,Hard,0.461538461538462
103656,Clay,0.531645569620253
103656,Grass,0.315789473684211
103656,Hard,0.306451612903226
103657,Clay,0.25
103657,Hard,0.2
103659,Hard,0.5
103663,Hard,0.25
103666,Clay,0.285714285714286
103668,Clay,0.5
103668,Hard,0.4
103672,Clay,0.483333333333333
103672,Grass,0.111111111111111
103672,Hard,0.392857142857143
103675,Clay,0.297297297297297
103675,Hard,0.25
103676,Grass,0.6
103676,Hard,0.111111111111111
103682,Hard,0.625
103690,Clay,0.4
103693,Carpet,0.25
103693,Clay,0.3
103693,Hard,0.323529411764706
103694,Carpet,0.538461538461538
103694,Clay,0.369127516778524
103694,Grass,0.525641025641026
103694,Hard,0.479838709677419
103699,Hard,0.5
103700,Clay,0.3125
103700,Hard,0.333333333333333
103701,Carpet,0.666666666666667
103701,Clay,0.46875
103701,Hard,0.125
103702,Clay,0.5
103708,Hard,0.333333333333333
103709,Carpet,0.545454545454545
103709,Clay,0.36
103709,Grass,0.25
103709,Hard,0.391891891891892
103714,Carpet,0.5
103714,Clay,0.346938775510204
103714,Grass,0.25
103714,Hard,0.433333333333333
103716,Carpet,0.333333333333333
103716,Hard,0.5
103720,Carpet,0.666666666666667
103720,Clay,0.64
103720,Grass,0.758620689655172
103720,Hard,0.702517162471396
103722,Carpet,0.142857142857143
103722,Clay,0.461538461538462
103722,Grass,0.346153846153846
103722,Hard,0.416666666666667
103726,Hard,0.333333333333333
103730,Grass,0.363636363636364
103735,Clay,0.2
103735,Hard,0.4
103737,Clay,0.333333333333333
103737,Hard,0.4
103739,Clay,0.444444444444444
103739,Hard,0.666666666666667
103746,Carpet,0.4
103746,Clay,0.4375
103746,Hard,0.615384615384615
103747,Clay,0.75
103747,Grass,0.333333333333333
103747,Hard,0.428571428571429
103752,Carpet,0.333333333333333
103752,Clay,0.384615384615385
103752,Grass,0.333333333333333
103752,Hard,0.377358490566038
103754,Grass,0.2
103758,Carpet,0.545454545454545
103758,Clay,0.25
103758,Grass,0.568627450980392
103758,Hard,0.547738693467337
103761,Carpet,0.333333333333333
103761,Clay,0.5
103761,Hard,0.142857142857143
103763,Hard,0.333333333333333
103770,Carpet,0.5
103770,Hard,0.5
103781,Carpet,0.444444444444444
103781,Clay,0.525423728813559
103781,Grass,0.534246575342466
103781,Hard,0.509915014164306
103786,Carpet,0.653846153846154
103786,Clay,0.604651162790698
103786,Grass,0.333333333333333
103786,Hard,0.586206896551724
103789,Carpet,0.428571428571429
103789,Clay,0.457627118644068
103789,Grass,0.357142857142857
103789,Hard,0.307692307692308
103794,Carpet,0.333333333333333
103794,Clay,0.244444444444444
103794,Grass,0.545454545454545
103794,Hard,0.406130268199234
103799,Clay,0.0625
103803,Carpet,0.5
103803,Clay,0.555555555555556
103803,Hard,0.5
103808,Carpet,0.444444444444444
103808,Clay,0.528688524590164
103808,Grass,0.0833333333333333
103808,Hard,0.311111111111111
103812,Carpet,0.3125
103812,Clay,0.541666666666667
103812,Grass,0.40625
103812,Hard,0.348101265822785
103813,Carpet,0.5625
103813,Clay,0.563725490196078
103813,Grass,0.43859649122807
103813,Hard,0.537960954446855
103817,Hard,0.411764705882353
103819,Carpet,0.770833333333333
103819,Clay,0.794007490636704
103819,Grass,0.893401015228426
103819,Hard,0.851941747572815
103820,Grass,0.142857142857143
103821,Carpet,0.714285714285714
103821,Clay,0.333333333333333
103821,Grass,0.333333333333333
103821,Hard,0.453488372093023
103823,Clay,0.466666666666667
103823,Grass,0.2
103823,Hard,0.326530612244898
103824,Carpet,0.75
103824,Clay,0.8
103824,Hard,0.666666666666667
103829,Hard,0.375
103830,Hard,0.357142857142857
103835,Carpet,0.153846153846154
103835,Clay,0.539936102236422
103835,Grass,0.153846153846154
103835,Hard,0.132352941176471
103837,Clay,0.142857142857143
103843,Carpet,0.6
103843,Clay,0.259259259259259
103843,Grass,0.4
103843,Hard,0.352941176470588
103849,Clay,0.125
103850,Clay,0.571428571428571
103851,Carpet,0.428571428571429
103851,Clay,0.333333333333333
103851,Grass,0.2
103851,Hard,0.5
103852,"",0.5
103852,Carpet,0.478260869565217
103852,Clay,0.507936507936508
103852,Grass,0.652542372881356
103852,Hard,0.511904761904762
103857,Carpet,0.578947368421053
103857,Clay,0.266666666666667
103857,Grass,0.324324324324324
103857,Hard,0.368421052631579
103860,Clay,0.25
103862,Hard,0.375
103864,Clay,0.571428571428571
103864,Hard,0.333333333333333
103865,Hard,0.45
103868,Clay,0.410714285714286
103868,Grass,0.352941176470588
103868,Hard,0.2
103872,Clay,0.2
103872,Hard,0.25
103875,Carpet,0.5
103875,Clay,0.444444444444444
103877,Carpet,0.5
103877,Clay,0.75
103877,Hard,0.272727272727273
103888,Carpet,0.363636363636364
103888,Clay,0.476190476190476
103888,Grass,0.63768115942029
103888,Hard,0.593582887700535
103891,Clay,0.416666666666667
103893,Clay,0.431654676258993
103893,Grass,0.208333333333333
103893,Hard,0.347826086956522
103894,Hard,0.333333333333333
103898,Carpet,0.538461538461538
103898,Clay,0.414414414414414
103898,Grass,0.473684210526316
103898,Hard,0.495774647887324
103899,Clay,0.363636363636364
103899,Hard,0.416666666666667
103900,Carpet,0.692307692307692
103900,Clay,0.663461538461538
103900,Grass,0.688888888888889
103900,Hard,0.656140350877193
103902,Clay,0.5
103905,Clay,0.25
103905,Hard,0.555555555555556
103908,Carpet,0.575757575757576
103908,Clay,0.488479262672811
103908,Grass,0.407407407407407
103908,Hard,0.461254612546125
103909,Carpet,0.5
103909,Clay,0.725274725274725
103909,Grass,0.555555555555556
103909,Hard,0.598214285714286
103912,Clay,0.333333333333333
103913,Grass,0.666666666666667
103917,Carpet,0.214285714285714
103917,Clay,0.288461538461538
103917,Grass,0.619047619047619
103917,Hard,0.413333333333333
103920,Hard,0.5
103921,Hard,0.2
103923,Clay,0.5
103926,Clay,0.28125
103926,Hard,0.3
103936,Carpet,0.8
103936,Clay,0.363636363636364
103936,Hard,0.333333333333333
103937,Clay,0.5
103948,Clay,0.333333333333333
103948,Hard,0.2
103963,Clay,0.25
103967,Clay,0.0909090909090909
103967,Hard,0.333333333333333
103970,Carpet,0.45
103970,Clay,0.707006369426752
103970,Grass,0.628571428571429
103970,Hard,0.636029411764706
103971,Carpet,0.5625
103971,Clay,0.0909090909090909
103971,Grass,0.4375
103971,Hard,0.36036036036036
103976,Clay,0.285714285714286
103978,Carpet,0.5
103978,Clay,0.5
103978,Hard,0.5
103986,Carpet,0.5
103986,Clay,0.5
103986,Hard,0.5
103990,Carpet,0.4375
103990,Clay,0.666666666666667
103990,Grass,0.553571428571429
103990,Hard,0.553398058252427
103997,Carpet,0.666666666666667
103997,Clay,0.474226804123711
103997,Grass,0.52
103997,Hard,0.365384615384615
103998,Clay,0.5
103998,Hard,0.5
103999,Clay,0.333333333333333
103999,Grass,0.4
103999,Hard,0.238095238095238
104000,Clay,0.166666666666667
104001,Hard,0.25
104003,Clay,0.333333333333333
104003,Grass,0.333333333333333
104003,Hard,0.25
104004,Hard,0.285714285714286
104007,Clay,0.25
104008,Clay,0.545454545454545
104008,Hard,0.5
104010,Clay,0.142857142857143
104011,Hard,0.333333333333333
104014,Grass,0.125
104019,Carpet,0.454545454545455
104019,Clay,0.439024390243902
104019,Grass,0.37037037037037
104019,Hard,0.43010752688172
104022,Carpet,0.611111111111111
104022,Clay,0.515384615384615
104022,Grass,0.566037735849057
104022,Hard,0.546201232032854
104023,Hard,0.5
104025,Clay,0.2
104025,Grass,0.25
104025,Hard,0.408450704225352
104026,Carpet,0.571428571428571
104026,Clay,0.2
104026,Grass,0.5
104026,Hard,0.614583333333333
104027,Clay,0.454545454545455
104035,Clay,0.333333333333333
104035,Grass,0.294117647058824
104035,Hard,0.269230769230769
104036,Carpet,0.5
104040,Hard,0.5
104043,Clay,0.425531914893617
104043,Grass,0.333333333333333
104043,Hard,0.5
104046,Clay,0.333333333333333
104046,Hard,0.5
104051,Carpet,0.333333333333333
104051,Hard,0.666666666666667
104053,Carpet,0.714285714285714
104053,Clay,0.644067796610169
104053,Grass,0.798165137614679
104053,Hard,0.757630161579892
104056,Clay,0.166666666666667
104056,Grass,0.333333333333333
104056,Hard,0.258064516129032
104059,Hard,0.333333333333333
104063,Carpet,0.25
104063,Hard,0.333333333333333
104067,Clay,0.25
104068,Carpet,0.5
104068,Clay,0.260869565217391
104068,Grass,0.48
104068,Hard,0.512635379061372
104070,Hard,0.25
104071,Grass,0.666666666666667
104071,Hard,0.555555555555556
104076,Carpet,0.454545454545455
104076,Clay,0.582644628099174
104076,Hard,0.381818181818182
104081,Carpet,0.5
104081,Clay,0.396551724137931
104081,Hard,0.375
104082,Hard,0.25
104086,Hard,0.666666666666667
104091,Clay,0.333333333333333
104095,Hard,0.142857142857143
104098,"",0.5
104098,Carpet,0.619047619047619
104098,Clay,0.391891891891892
104098,Grass,0.552238805970149
104098,Hard,0.525597269624573
104112,Carpet,0.333333333333333
104112,Clay,0.578947368421053
104112,Hard,0.416666666666667
104113,Clay,0.75
104117,Clay,0.227272727272727
104117,Grass,0.2
104117,Hard,0.434782608695652
104121,Clay,0.166666666666667
104122,"",0.5
104122,Clay,0.467289719626168
104122,Grass,0.25
104122,Hard,0.325581395348837
104136,Clay,0.4
104136,Hard,0.75
104138,Clay,0.5
104138,Hard,0.5
104140,Hard,0.75
104146,Hard,0.75
104149,Clay,0.333333333333333
104154,Clay,0.38
104154,Grass,0.3
104154,Hard,0.380952380952381
104160,Carpet,0.333333333333333
104160,Clay,0.35
104160,Grass,0.285714285714286
104160,Hard,0.19047619047619
104162,Carpet,0.5
104162,Clay,0.571428571428571
104166,Clay,0.142857142857143
104166,Grass,0.44
104166,Hard,0.410071942446043
104167,Hard,0.5
104171,Grass,0.285714285714286
104173,Hard,0.357142857142857
104179,Clay,0.333333333333333
104179,Hard,0.5
104180,Carpet,0.333333333333333
104180,Clay,0.428571428571429
104180,Grass,0.555555555555556
104180,Hard,0.527210884353742
104181,Clay,0.25
104182,Clay,0.166666666666667
104191,Clay,0.333333333333333
104195,Clay,0.384615384615385
104196,Clay,0.5
104198,Carpet,0.25
104198,Clay,0.5
104198,Grass,0.483333333333333
104198,Hard,0.425249169435216
104209,Clay,0.428571428571429
104209,Hard,0.333333333333333
104210,Hard,0.727272727272727
104214,Carpet,0.55
104214,Clay,0.534562211981567
104214,Grass,0.484848484848485
104214,Hard,0.476923076923077
104215,Carpet,0.5
104215,Clay,0.285714285714286
104216,Clay,0.367647058823529
104216,Hard,0.1875
104217,Grass,0.375
104217,Hard,0.375
104219,Carpet,0.2
104219,Clay,0.166666666666667
104219,Hard,0.266666666666667
104224,Grass,0.5
104224,Hard,0.5
104225,Clay,0.45
104225,Hard,0.170212765957447
104226,Clay,0.2
104227,Clay,0.333333333333333
104229,Carpet,0.5
104229,Clay,0.230769230769231
104229,Grass,0.4375
104229,Hard,0.424657534246575
104230,Clay,0.4
104230,Hard,0.333333333333333
104233,"",0.666666666666667
104233,Carpet,0.666666666666667
104233,Clay,0.3
104233,Hard,0.4375
104234,Clay,0.384615384615385
104234,Hard,0.5
104247,Clay,0.4
104247,Hard,0.625
104250,Grass,0.652173913043478
104250,Hard,0.185185185185185
104251,Carpet,0.666666666666667
104251,Hard,0.36
104252,Carpet,0.428571428571429
104252,Clay,0.5
104252,Grass,0.6
104252,Hard,0.429787234042553
104256,Hard,0.5
104259,"",0.5
104259,Carpet,0.454545454545455
104259,Clay,0.569491525423729
104259,Grass,0.617021276595745
104259,Hard,0.538653366583541
104260,Clay,0.666666666666667
104261,Hard,0.470588235294118
104262,Clay,0.358974358974359
104262,Grass,0.125
104262,Hard,0.381818181818182
104268,Carpet,0.5
104268,Clay,0.428571428571429
104268,Grass,0.390243902439024
104268,Hard,0.391566265060241
104269,Carpet,0.529411764705882
104269,Clay,0.621848739495798
104269,Grass,0.547619047619048
104269,Hard,0.535469107551487
104273,Clay,0.377358490566038
104273,Grass,0.457142857142857
104273,Hard,0.4
104281,Hard,0.2
104283,Hard,0.5
104291,Carpet,0.5
104291,Clay,0.475
104291,Grass,0.307692307692308
104291,Hard,0.433070866141732
104292,Clay,0.333333333333333
104292,Grass,0.5
104292,Hard,0.565217391304348
104294,Hard,0.333333333333333
104297,Clay,0.360655737704918
104297,Hard,0.285714285714286
104299,Clay,0.4
104299,Hard,0.434782608695652
104305,Carpet,0.5
104305,Hard,0.5
104308,Carpet,0.833333333333333
104308,Clay,0.206896551724138
104308,Grass,0.333333333333333
104308,Hard,0.280701754385965
104311,Carpet,0.333333333333333
104311,Clay,0.4
104311,Hard,0.2
104312,Carpet,0.285714285714286
104312,Clay,0.513725490196078
104312,Grass,0.56701030927835
104312,Hard,0.452722063037249
104314,Clay,0.35
104314,Grass,0.428571428571429
104314,Hard,0.333333333333333
104323,Clay,0.142857142857143
104327,Carpet,0.6
104327,Clay,0.479452054794521
104327,Grass,0.46875
104327,Hard,0.468253968253968
104330,Clay,0.363636363636364
104330,Grass,0.542857142857143
104330,Hard,0.323809523809524
104332,Clay,0.372093023255814
104332,Grass,0.525
104332,Hard,0.460176991150442
104338,Carpet,0.333333333333333
104338,Clay,0.622691292875989
104338,Grass,0.388888888888889
104338,Hard,0.463768115942029
104339,Carpet,0.588235294117647
104339,Clay,0.559322033898305
104339,Grass,0.735849056603774
104339,Hard,0.578125
104342,Clay,0.571428571428571
104342,Hard,0.5
104348,Hard,0.666666666666667
104349,Clay,0.428571428571429
104349,Hard,0.269230769230769
104352,Grass,0.5
104352,Hard,0.666666666666667
104360,Clay,0.75
104368,Clay,0.333333333333333
104368,Hard,0.521739130434783
104371,Clay,0.318181818181818
104371,Grass,0.230769230769231
104371,Hard,0.409090909090909
104372,Clay,0.25
104372,Grass,0.257142857142857
104372,Hard,0.125
104377,Clay,0.25
104378,Carpet,0.5
104378,Clay,0.25
104379,Grass,0.333333333333333
104379,Hard,0.423076923076923
104383,Clay,0.333333333333333
104386,Carpet,0.384615384615385
104386,Clay,0.514705882352941
104386,Grass,0.536231884057971
104386,Hard,0.54140127388535
104392,Clay,0.428571428571429
104395,Clay,0.551724137931034
104395,Hard,0.666666666666667
104397,Clay,0.285714285714286
104397,Hard,0.125
104402,Clay,0.5
104417,Carpet,0.785714285714286
104417,Clay,0.609022556390977
104417,Grass,0.604651162790698
104417,Hard,0.644688644688645
104421,Clay,0.5
104424,"",0.5
104424,Carpet,0.75
104424,Clay,0.307692307692308
104424,Grass,0.235294117647059
104424,Hard,0.364583333333333
104433,"",0.5
104433,Carpet,0.666666666666667
104433,Clay,0.0526315789473684
104433,Grass,0.477272727272727
104433,Hard,0.377358490566038
104453,Clay,0.333333333333333
104453,Hard,0.3125
104454,Clay,0.5
104454,Hard,0.142857142857143
104460,Clay,0.403846153846154
104460,Grass,0.432432432432432
104460,Hard,0.338235294117647
104463,Hard,0.25
104467,Clay,0.535714285714286
104467,Hard,0.375
104468,Carpet,0.363636363636364
104468,Clay,0.582644628099174
104468,Grass,0.564102564102564
104468,Hard,0.593258426966292
104471,Clay,0.421875
104471,Grass,0.548387096774194
104471,Hard,0.45398773006135
104476,Clay,0.5
104476,Hard,0.285714285714286
104477,Clay,0.4
104478,Hard,0.333333333333333
104479,Clay,0.5
104479,Hard,0.333333333333333
104489,Hard,0.333333333333333
104494,Clay,0.3
104494,Hard,0.428571428571429
104494,None,0.5
104495,Clay,0.666666666666667
104495,Grass,0.5
104496,Hard,0.5
104499,Clay,0.285714285714286
104499,Grass,0.391304347826087
104499,Hard,0.462962962962963
104500,Clay,0.285714285714286
104500,Grass,0.25
104500,Hard,0.481818181818182
104501,Carpet,0.5
104501,Hard,0.363636363636364
104505,Carpet,0.5
104505,Clay,0.5
104505,Grass,0.2
104505,Hard,0.222222222222222
104515,Clay,0.454545454545455
104516,Hard,0.333333333333333
104523,Carpet,0.5
104523,Clay,0.547619047619048
104523,Grass,0.125
104523,Hard,0.387755102040816
104527,Carpet,0.470588235294118
104527,Clay,0.66793893129771
104527,Grass,0.5
104527,Hard,0.637647058823529
104534,Clay,0.186046511627907
104534,Grass,0.481481481481481
104534,Hard,0.455696202531646
104535,Carpet,0.5
104535,Clay,0.5
104535,Hard,0.75
104542,Carpet,0.75
104542,Clay,0.638461538461538
104542,Grass,0.705882352941177
104542,Hard,0.692488262910798
104545,Clay,0.543307086614173
104545,Grass,0.656716417910448
104545,Hard,0.638888888888889
104547,Clay,0.453125
104547,Grass,0.153846153846154
104547,Hard,0.373493975903614
104548,Clay,0.555555555555556
104548,Grass,0.5
104548,Hard,0.24390243902439
104550,Clay,0.166666666666667
104557,Carpet,0.615384615384615
104557,Clay,0.5
104557,Hard,0.166666666666667
104559,Carpet,0.363636363636364
104559,Clay,0.394495412844037
104559,Grass,0.260869565217391
104559,Hard,0.365714285714286
104563,Clay,0.333333333333333
104563,Hard,0.111111111111111
104569,Carpet,0.6
104569,Clay,0.25
104569,Hard,0.25
104571,Carpet,0.866666666666667
104571,Clay,0.431818181818182
104571,Grass,0.580645161290323
104571,Hard,0.575178997613365
104579,Hard,0.25
104580,Clay,0.166666666666667
104582,Clay,0.5
104585,Clay,0.666666666666667
104586,Clay,0.525252525252525
104586,Grass,0.4
104586,Hard,0.398692810457516
104589,Clay,0.142857142857143
104589,Grass,0.4
104589,Hard,0.460526315789474
104591,Clay,0.545454545454545
104591,Hard,0.4
104592,Carpet,0.6
104592,Clay,0.5
104592,Grass,0.333333333333333
104592,Hard,0.2
104593,Clay,0.423913043478261
104593,Grass,0.105263157894737
104593,Hard,0.253731343283582
104594,Clay,0.296296296296296
104594,Grass,0.4
104594,Hard,0.428571428571429
104597,Carpet,0.5
104597,Clay,0.655737704918033
104597,Grass,0.466666666666667
104597,Hard,0.474418604651163
104600,Clay,0.625
104600,Hard,0.5
104604,Clay,0.777777777777778
104607,Carpet,0.714285714285714
104607,Clay,0.634146341463415
104607,Grass,0.693877551020408
104607,Hard,0.649328859060403
104618,Clay,0.25
104618,Hard,0.5
104619,Clay,0.266666666666667
104619,Grass,0.25
104619,Hard,0.19047619047619
104620,Carpet,0.333333333333333
104620,Clay,0.478260869565217
104620,Grass,0.5
104620,Hard,0.362962962962963
104624,Grass,0.111111111111111
104628,Hard,0.294117647058824
104629,Grass,0.25
104629,Hard,0.333333333333333
104631,"",0.5
104631,Clay,0.636363636363636
104631,Hard,0.833333333333333
104633,Hard,0.5
104635,Hard,0.125
104639,Clay,0.575757575757576
104639,Hard,0.349206349206349
104651,Clay,0.411764705882353
104655,Carpet,0.5
104655,Clay,0.605381165919282
104655,Grass,0.428571428571429
104655,Hard,0.433070866141732
104656,Hard,0.333333333333333
104658,Clay,0.375
104658,Hard,0.333333333333333
104660,Carpet,0.4
104660,Clay,0.369047619047619
104660,Grass,0.490196078431373
104660,Hard,0.468181818181818
104661,Hard,0.333333333333333
104665,Clay,0.510989010989011
104665,Grass,0.125
104665,Hard,0.285714285714286
104667,Clay,0.333333333333333
104672,Hard,0.307692307692308
104673,Clay,0.5625
104673,Hard,0.375
104676,Clay,0.351851851851852
104676,Grass,0.5
104676,Hard,0.404761904761905
104677,Clay,0.5
104677,Grass,0.5
104677,Hard,0.571428571428571
104678,Clay,0.507246376811594
104678,Grass,0.508771929824561
104678,Hard,0.536516853932584
104681,Hard,0.5
104695,Clay,0.5
104695,Hard,0.5
104698,Hard,0.5
104700,Hard,0.5
104702,Hard,0.523809523809524
104707,Carpet,0.5
104712,Hard,0.5
104714,Clay,0.34375
104714,Grass,0.333333333333333
104717,Grass,0.571428571428571
104717,Hard,0.142857142857143
104719,Clay,0.480952380952381
104719,Grass,0.40625
104719,Hard,0.426315789473684
104721,Carpet,0.666666666666667
104721,Clay,0.363636363636364
104721,Hard,0.25
104724,Clay,0.461538461538462
104724,Grass,0.125
104724,Hard,0.258064516129032
104731,Clay,0.533980582524272
104731,Grass,0.590163934426229
104731,Hard,0.605555555555556
104735,Clay,0.363636363636364
104735,Grass,0.458333333333333
104735,Hard,0.371134020618557
104736,Clay,0.333333333333333
104736,Hard,0.333333333333333
104738,Clay,0.5
104739,Clay,0.666666666666667
104745,Carpet,0.25
104745,Clay,0.916849015317287
104745,Grass,0.776470588235294
104745,Hard,0.771528998242531
104753,Clay,0.375
104753,Hard,0.5
104755,Carpet,0.529411764705882
104755,Clay,0.628440366972477
104755,Grass,0.673469387755102
104755,Hard,0.62217659137577
104760,Hard,0.25
104763,Clay,0.583333333333333
104763,Hard,0.428571428571429
104768,Clay,0.333333333333333
104770,Clay,0.0833333333333333
104770,Grass,0.25
104770,Hard,0.333333333333333
104775,Carpet,0.5
104775,Clay,0.25
104775,Hard,0.6
104779,Clay,0.333333333333333
104779,Grass,0.25
104779,Hard,0.25
104783,Carpet,0.333333333333333
104783,Grass,0.2
104783,Hard,0.25
104789,Clay,0.5
104789,Hard,0.142857142857143
104792,Carpet,0.6
104792,Clay,0.613065326633166
104792,Grass,0.6
104792,Hard,0.651219512195122
104797,Clay,0.46031746031746
104797,Grass,0.554054054054054
104797,Hard,0.466417910447761
104803,Hard,0.5
104804,Clay,0.6
104804,Hard,0.4375
104810,Hard,0.333333333333333
104812,Clay,0.4
104812,Grass,0.5
104812,Hard,0.214285714285714
104813,Carpet,0.8
104813,Clay,0.5
104813,Grass,0.533333333333333
104813,Hard,0.408163265306122
104816,Hard,0.142857142857143
104823,Carpet,0.5
104823,Clay,0.75
104826,Clay,0.555555555555556
104839,Clay,0.571428571428571
104839,Hard,0.333333333333333
104842,Clay,0.5
104842,Hard,0.2
104850,Clay,0.25
104851,Clay,0.214285714285714
104856,Hard,0.333333333333333
104857,Clay,0.4
104863,Hard,0.571428571428571
104864,Clay,0.333333333333333
104864,Grass,0.25
104864,Hard,0.214285714285714
104868,Grass,0.317073170731707
104868,Hard,0.333333333333333
104869,Carpet,0.666666666666667
104869,Clay,0.25
104869,Grass,0.333333333333333
104869,Hard,0.5
104871,Clay,0.531428571428571
104871,Grass,0.490566037735849
104871,Hard,0.47940074906367
104873,Clay,0.285714285714286
104873,Grass,0.2
104873,Hard,0.176470588235294
104875,Clay,0.25
104882,Carpet,0.666666666666667
104882,Clay,0.426229508196721
104882,Grass,0.2
104882,Hard,0.363636363636364
104887,Clay,0.666666666666667
104887,Hard,0.555555555555556
104890,Clay,0.390625
104890,Grass,0.285714285714286
104890,Hard,0.354166666666667
104895,Clay,0.833333333333333
104895,Hard,0.444444444444444
104896,Clay,0.5
104897,Clay,0.37037037037037
104897,Grass,0.222222222222222
104897,Hard,0.355555555555556
104898,Carpet,0.5
104898,Clay,0.515151515151515
104898,Grass,0.4
104898,Hard,0.444915254237288
104901,None,0.5
104907,Carpet,0.666666666666667
104907,Clay,0.571428571428571
104907,Hard,0.5
104909,Hard,0.3
104910,Clay,0.75
104914,Clay,0.333333333333333
104918,Carpet,0.727272727272727
104918,Clay,0.69281045751634
104918,Grass,0.830769230769231
104918,Hard,0.786219081272085
104919,Clay,0.552631578947368
104919,Grass,0.454545454545455
104919,Hard,0.445205479452055
104920,Hard,0.666666666666667
104925,Carpet,0.692307692307692
104925,Clay,0.796078431372549
104925,Grass,0.830188679245283
104925,Hard,0.842271293375394
104926,Clay,0.587155963302752
104926,Grass,0.5
104926,Hard,0.463519313304721
104928,Hard,0.666666666666667
104932,Clay,0.230769230769231
104932,Grass,0.428571428571429
104932,Hard,0.292682926829268
104942,Clay,0.5
104942,Hard,0.333333333333333
104945,Carpet,0.6
104945,Clay,0.666666666666667
104945,Hard,0.363636363636364
104947,Carpet,0.5
104947,Clay,0.25
104947,Grass,0.333333333333333
104947,Hard,0.392156862745098
104948,Hard,0.5
104949,Hard,0.166666666666667
104952,"",0.5
104952,Clay,0.625
104952,Hard,0.416666666666667
104958,Clay,0.666666666666667
104958,Hard,0.388888888888889
104960,"",0.5
104960,Hard,0.6
104963,Hard,0.333333333333333
104965,Clay,0.636363636363636
104967,Clay,0.333333333333333
104970,Hard,0.363636363636364
104976,Clay,0.533333333333333
104976,Grass,0.3
104976,Hard,0.358208955223881
104978,Clay,0.381818181818182
104978,Grass,0.411764705882353
104978,Hard,0.384615384615385
104979,Clay,0.360655737704918
104979,Grass,0.0909090909090909
104979,Hard,0.385321100917431
104986,Hard,0.25
104992,Hard,0.666666666666667
104996,Clay,0.375
104996,Hard,0.444444444444444
104997,"",0.5
104997,Clay,0.303030303030303
104997,Grass,0.434782608695652
104997,Hard,0.353658536585366
104999,Clay,0.337837837837838
104999,Grass,0.509090909090909
104999,Hard,0.418079096045198
105001,Hard,0.25
105002,Hard,0.25
105004,"",0.5
105004,Carpet,0.5
105004,Clay,0.75
105004,Hard,0.6
105009,Hard,0.363636363636364
105011,Clay,0.1875
105011,Grass,0.3
105011,Hard,0.462264150943396
105015,Clay,0.266666666666667
105015,Hard,0.333333333333333
105023,Clay,0.438095238095238
105023,Grass,0.625
105023,Hard,0.569682151589242
105028,Clay,0.142857142857143
105028,Grass,0.416666666666667
105028,Hard,0.3125
105030,Clay,0.75
105030,Hard,0.3
105032,Clay,0.2
105032,Grass,0.535714285714286
105032,Hard,0.333333333333333
105041,Clay,0.2
105041,Grass,0.418604651162791
105041,Hard,0.422619047619048
105047,Grass,0.5
105051,Clay,0.0833333333333333
105051,Grass,0.473684210526316
105051,Hard,0.389380530973451
105052,Grass,0.5
105052,Hard,0.5
105053,Clay,0.508474576271186
105053,Grass,0.451612903225806
105053,Hard,0.391025641025641
105060,Clay,0.6
105060,Hard,0.4
105062,"",0.5
105062,Carpet,0.333333333333333
105062,Clay,0.395348837209302
105062,Grass,0.366666666666667
105062,Hard,0.474860335195531
105063,Clay,0.333333333333333
105064,Clay,0.556521739130435
105064,Grass,0.333333333333333
105064,Hard,0.403409090909091
105065,Clay,0.25
105065,Grass,0.352941176470588
105065,Hard,0.351063829787234
105066,Hard,0.5
105070,Clay,0.5
105072,Hard,0.333333333333333
105074,Clay,0.285714285714286
105074,Grass,0.315789473684211
105074,Hard,0.346153846153846
105077,Clay,0.53125
105077,Grass,0.352941176470588
105077,Hard,0.375
105079,Hard,0.833333333333333
105080,Hard,0.333333333333333
105081,Clay,0.5
105085,Hard,0.4
105095,Carpet,0.25
105095,Clay,0.4
105095,Grass,0.166666666666667
105095,Hard,0.5
105098,Clay,0.285714285714286
105098,Hard,0.333333333333333
105099,Clay,0.263157894736842
105099,Hard,0.375
105111,Clay,0.363636363636364
105111,Hard,0.25
105113,Hard,0.4
105122,Carpet,0.5
105122,Hard,0.333333333333333
105128,Clay,0.333333333333333
105132,Carpet,0.25
105132,Clay,0.44
105132,Hard,0.413793103448276
105137,Clay,0.344262295081967
105137,Hard,0.142857142857143
105138,Clay,0.598130841121495
105138,Grass,0.694444444444444
105138,Hard,0.626016260162602
105145,Hard,0.428571428571429
105147,Clay,0.307692307692308
105147,Grass,0.4
105147,Hard,0.344262295081967
105148,Hard,0.5
105149,Clay,0.5
105149,None,0.5
105152,Hard,0.5
105154,Clay,0.376811594202899
105154,Hard,0.125
105155,Clay,0.470588235294118
105156,Clay,0.2
105156,Hard,0.333333333333333
105156,None,0.5
105161,Clay,0.285714285714286
105163,Clay,0.5
105166,Clay,0.230769230769231
105166,Hard,0.325
105173,Clay,0.25531914893617
105173,Grass,0.581081081081081
105173,Hard,0.455357142857143
105177,Hard,0.285714285714286
105181,Clay,0.333333333333333
105182,Clay,0.666666666666667
105182,Hard,0.5
105182,None,0.5
105194,Hard,0.125
105201,Clay,0.5
105201,Hard,0.4
105208,Carpet,0.705882352941177
105208,Clay,0.543478260869565
105208,Grass,0.416666666666667
105208,Hard,0.503937007874016
105216,Clay,0.1875
105216,Grass,0.518518518518518
105216,Hard,0.386666666666667
105217,Clay,0.483333333333333
105217,Grass,0.411764705882353
105217,Hard,0.4
105221,Clay,0.333333333333333
105221,Hard,0.333333333333333
105223,Carpet,0.75
105223,Clay,0.696428571428571
105223,Grass,0.696428571428571
105223,Hard,0.723404255319149
105226,Carpet,0.25
105226,Clay,0.647058823529412
105226,Hard,0.5
105227,Carpet,0.444444444444444
105227,Clay,0.623655913978495
105227,Grass,0.694736842105263
105227,Hard,0.66743648960739
105229,Clay,0.25
105229,Hard,0.142857142857143
105238,Clay,0.492063492063492
105238,Grass,0.534883720930233
105238,Hard,0.531496062992126
105239,Hard,0.25
105254,Clay,0.4
105254,Hard,0.166666666666667
105259,Hard,0.6
105269,Hard,0.5
105270,Clay,0.25
105271,Clay,0.2
105273,Clay,0.5
105273,Hard,0.333333333333333
105286,Hard,0.166666666666667
105292,Clay,0.344827586206897
105292,Hard,0.34375
105299,"",0.5
105299,Hard,0.5
105300,Clay,0.5
105302,Grass,0.333333333333333
105302,Hard,0.166666666666667
105311,"",0.5
105311,Clay,0.514925373134328
105311,Grass,0.384615384615385
105311,Hard,0.461111111111111
105318,Clay,0.5
105318,Hard,0.285714285714286
105332,Clay,0.488549618320611
105332,Grass,0.5
105332,Hard,0.467336683417085
105334,Clay,0.25
105334,Hard,0.555555555555556
105339,Hard,0.454545454545455
105341,Clay,0.25
105341,Grass,0.5
105341,Hard,0.285714285714286
105349,Clay,0.25
105349,Hard,0.4
105357,Clay,0.4
105357,Grass,0.470588235294118
105357,Hard,0.445945945945946
105359,Grass,0.4
105367,Clay,0.142857142857143
105367,Hard,0.75
105372,Clay,0.5
105372,Hard,0.2
105373,Clay,0.582608695652174
105373,Grass,0.25
105373,Hard,0.455882352941176
105373,None,0.5
105376,Clay,0.352941176470588
105376,Grass,0.538461538461538
105376,Hard,0.516129032258065
105379,Clay,0.476744186046512
105379,Grass,0.416666666666667
105379,Hard,0.449438202247191
105385,Clay,0.21875
105385,Grass,0.384615384615385
105385,Hard,0.431535269709544
105394,Clay,0.333333333333333
105402,Hard,0.285714285714286
105404,Hard,0.333333333333333
105413,Clay,0.521739130434783
105413,Hard,0.333333333333333
105428,Hard,0.5
105430,Clay,0.394736842105263
105430,Grass,0.6
105430,Hard,0.327272727272727
105431,Hard,0.333333333333333
105432,Grass,0.5
105432,Hard,0.4
105434,Hard,0.333333333333333
105436,Clay,0.2
105436,Hard,0.428571428571429
105438,Clay,0.459459459459459
105438,Grass,0.25
105438,Hard,0.307692307692308
105441,Grass,0.444444444444444
105441,Hard,0.0666666666666667
105442,Hard,0.333333333333333
105449,Clay,0.529411764705882
105449,Grass,0.583333333333333
105449,Hard,0.507936507936508
105453,Clay,0.708333333333333
105453,Grass,0.590163934426229
105453,Hard,0.675141242937853
105454,Grass,0.166666666666667
105454,Hard,0.25
105456,"",0.5
105464,Hard,0.571428571428571
105471,Clay,0.466666666666667
105471,Hard,0.333333333333333
105472,Clay,0.5
105477,Clay,0.5
105477,Hard,0.333333333333333
105487,Clay,0.357142857142857
105487,Hard,0.111111111111111
105488,Clay,0.5
105490,Hard,0.5
105493,Hard,0.5
105497,Clay,0.363636363636364
105497,Hard,0.454545454545455
105499,Clay,0.166666666666667
105499,Hard,0.538461538461538
105499,None,0.5
105512,Hard,0.4
105526,Clay,0.424657534246575
105526,Grass,0.260869565217391
105526,Hard,0.455445544554455
105539,Clay,0.206896551724138
105539,Grass,0.266666666666667
105539,Hard,0.375
105541,Hard,0.545454545454545
105542,Clay,0.333333333333333
105550,Clay,0.506493506493506
105550,Grass,0.363636363636364
105550,Hard,0.438356164383562
105554,Clay,0.363636363636364
105554,Grass,0.368421052631579
105554,Hard,0.461538461538462
105558,Clay,0.277777777777778
105558,Grass,0.333333333333333
105558,Hard,0.45
105561,Clay,0.45
105561,Hard,0.25
105566,Clay,0.666666666666667
105566,Hard,0.285714285714286
105572,Grass,0.2
105572,Hard,0.379310344827586
105573,Carpet,0.5
105573,Grass,0.5
105573,Hard,0.333333333333333
105575,Clay,0.208333333333333
105575,Grass,0.176470588235294
105575,Hard,0.536912751677852
105577,Clay,0.0526315789473684
105577,Grass,0.4
105577,Hard,0.470588235294118
105579,Clay,0.5
105579,Hard,0.428571428571429
105583,"",0.5
105583,Clay,0.5
105583,Grass,0.285714285714286
105583,Hard,0.397590361445783
105585,Clay,0.625
105585,Grass,0.333333333333333
105585,Hard,0.285714285714286
105586,Hard,0.2
105589,Clay,0.432432432432432
105589,Hard,0.133333333333333
105590,Clay,0.272727272727273
105590,Hard,0.647058823529412
105596,Hard,0.25
105613,Clay,0.142857142857143
105613,Hard,0.2
105614,Grass,0.2
105614,Hard,0.260869565217391
105626,Hard,0.444444444444444
105630,Hard,0.333333333333333
105633,"",0.5
105633,Clay,0.25
105633,Grass,0.5
105633,Hard,0.3
105634,Clay,0.5
105641,Clay,0.533333333333333
105641,Grass,0.2
105641,Hard,0.333333333333333
105643,Clay,0.56
105643,Hard,0.323943661971831
105649,Clay,0.538461538461538
105649,Grass,0.285714285714286
105649,Hard,0.36
105650,Grass,0.5
105655,Hard,0.2
105656,Clay,0.25
105656,Hard,0.666666666666667
105657,Clay,0.294117647058824
105657,Grass,0.428571428571429
105657,Hard,0.507462686567164
105657,None,0.5
105668,Carpet,0.833333333333333
105668,Clay,0.358974358974359
105668,Grass,0.615384615384615
105668,Hard,0.516129032258065
105671,Clay,0.442307692307692
105671,Hard,0.172413793103448
105676,"",0.5
105676,Clay,0.634615384615385
105676,Grass,0.466666666666667
105676,Hard,0.630252100840336
105677,Clay,0.5
105678,Clay,0.5
105683,Clay,0.633663366336634
105683,Grass,0.672131147540984
105683,Hard,0.696774193548387
105688,Clay,0.25
105688,Hard,0.666666666666667
105707,"",0.5
105707,Hard,0.25
105707,None,0.5
105723,Clay,0.447761194029851
105723,Grass,0.35
105723,Hard,0.465909090909091
105731,Hard,0.333333333333333
105732,Clay,0.375
105732,Grass,0.473684210526316
105732,Hard,0.414634146341463
105733,Clay,0.5
105733,Hard,0.235294117647059
105738,Hard,0.238095238095238
105747,Clay,0.333333333333333
105747,Hard,0.666666666666667
105777,Clay,0.588235294117647
105777,Grass,0.6
105777,Hard,0.622448979591837
105781,Hard,0.2
105790,Grass,0.5
105790,Hard,0.714285714285714
105806,Clay,0.352941176470588
105806,Grass,0.333333333333333
105806,Hard,0.545454545454545
105807,Clay,0.55
105807,Hard,0.5234375
105812,Hard,0.25
105812,None,0.5
105815,Clay,0.368421052631579
105815,Hard,0.5
105819,Clay,0.333333333333333
105819,Hard,0.333333333333333
105826,Hard,0.5
105827,Clay,0.666666666666667
105827,Hard,0.263157894736842
105830,"",0.5
105830,Clay,0.333333333333333
105842,Clay,0.375
105842,Hard,0.394736842105263
105853,Hard,0.166666666666667
105870,Clay,0.466666666666667
105870,Grass,0.5
105872,Clay,0.333333333333333
105874,Hard,0.454545454545455
105877,Clay,0.555555555555556
105877,Hard,0.4
105881,Clay,0.5
105881,Grass,0.5
105881,Hard,0.5
105882,Clay,0.25
105882,Hard,0.333333333333333
105894,Clay,0.111111111111111
105894,Grass,0.5
105899,Clay,0.214285714285714
105899,Hard,0.333333333333333
105902,Clay,0.285714285714286
105902,Grass,0.222222222222222
105902,Hard,0.354166666666667
105909,Hard,0.142857142857143
105912,Clay,0.75
105912,Hard,0.5
105916,Carpet,0.5
105916,Clay,0.580645161290323
105916,Grass,0.142857142857143
105916,Hard,0.473684210526316
105917,Clay,0.2
105930,Hard,0.333333333333333
105932,Clay,0.465116279069767
105932,Grass,0.4
105932,Hard,0.439393939393939
105933,Clay,0.5
105934,Hard,0.333333333333333
105935,Clay,0.466666666666667
105935,Hard,0.5
105936,Clay,0.318181818181818
105936,Hard,0.471698113207547
105943,Clay,0.4
105946,Hard,0.833333333333333
105948,Clay,0.5
105952,Clay,0.45
105952,Hard,0.25
105954,Clay,0.5
105960,Hard,0.2
105961,Clay,0.5
105961,Hard,0.7
105963,Clay,0.333333333333333
105963,Hard,0.333333333333333
105967,Clay,0.448275862068966
105967,Hard,0.46875
105985,Clay,0.25
105985,Hard,0.655172413793103
105992,Clay,0.35
105992,Grass,0.351351351351351
105992,Hard,0.473404255319149
106000,"",0.5
106000,Clay,0.462962962962963
106000,Grass,0.571428571428571
106000,Hard,0.541666666666667
106005,Hard,0.5
106024,Hard,0.666666666666667
106026,Clay,0.333333333333333
106026,Hard,0.477272727272727
106032,Clay,0.0769230769230769
106033,Clay,0.666666666666667
106033,Hard,0.666666666666667
106034,Hard,0.375
106035,Hard,0.125
106043,Clay,0.528846153846154
106043,Grass,0.111111111111111
106043,Hard,0.530120481927711
106044,Clay,0.454545454545455
106044,Hard,0.333333333333333
106045,Clay,0.25
106045,Grass,0.514285714285714
106045,Hard,0.301587301587302
106053,Clay,0.5
106058,Clay,0.581818181818182
106058,Grass,0.521739130434783
106058,Hard,0.577114427860697
106065,Clay,0.423076923076923
106065,Grass,0.4
106065,Hard,0.0909090909090909
106071,Clay,0.338983050847458
106071,Grass,0.553846153846154
106071,Hard,0.539170506912442
106072,Clay,0.5
106075,Clay,0.333333333333333
106075,Hard,0.5
106078,Clay,0.714285714285714
106078,Hard,0.7
106100,Hard,0.4
106105,Clay,0.2
106106,None,0.5
106109,Grass,0.25
106110,Clay,0.5
106120,Clay,0.333333333333333
106120,Hard,0.666666666666667
106121,Clay,0.454545454545455
106121,Hard,0.358974358974359
106136,Hard,0.333333333333333
106137,Clay,0.333333333333333
106138,Hard,0.5
106148,Clay,0.461538461538462
106148,Hard,0.428571428571429
106150,Clay,0.666666666666667
106150,Hard,0.285714285714286
106158,Hard,0.444444444444444
106167,Hard,0.25
106169,Hard,0.5
106174,"",0.5
106174,Clay,0.777777777777778
106175,"",0.5
106175,Clay,0.5
106175,Hard,0.761904761904762
106177,Clay,0.5
106186,Clay,0.5
106186,Hard,0.2
106198,"",0.5
106198,Clay,0.666666666666667
106198,Hard,0.4
106201,"",0.25
106201,Clay,0.666666666666667
106201,Hard,0.5
106207,Clay,0.166666666666667
106207,Grass,0.333333333333333
106210,Clay,0.489130434782609
106210,Grass,0.592592592592593
106210,Hard,0.39
106216,Clay,0.384615384615385
106216,Grass,0.5
106216,Hard,0.32
106218,Hard,0.25
106220,Clay,0.75
106220,Hard,0.25
106225,Hard,0.5
106227,Hard,0.5
106232,Hard,0.285714285714286
106233,Clay,0.74
106233,Grass,0.535714285714286
106233,Hard,0.55688622754491
106234,Hard,0.125
106237,Hard,0.666666666666667
106243,Clay,0.272727272727273
106247,Hard,0.333333333333333
106249,Clay,0.5
106250,Hard,0.6
106252,Hard,0.333333333333333
106261,Grass,0.375
106261,Hard,0.25
106281,Grass,0.142857142857143
106281,Hard,0.6
106283,Hard,0.285714285714286
106288,Clay,0.333333333333333
106290,Clay,0.25
106290,Hard,0.25
106291,Grass,0.333333333333333
106293,Clay,0.166666666666667
106298,Clay,0.6
106298,Grass,0.565217391304348
106298,Hard,0.556521739130435
106309,Hard,0.166666666666667
106328,Grass,0.333333333333333
106328,Hard,0.2
106329,Clay,0.48936170212766
106329,Grass,0.5
106329,Hard,0.238095238095238
106342,Clay,0.4
106342,Hard,0.333333333333333
106361,Clay,0.555555555555556
106361,Grass,0.5
106368,Grass,0.7
106368,Hard,0.375
106378,Clay,0.545454545454545
106378,Grass,0.36
106378,Hard,0.505376344086022
106381,Hard,0.5
106390,Clay,0.5
106392,Hard,0.5
106393,Clay,0.333333333333333
106397,Clay,0.666666666666667
106397,Grass,0.5
106397,Hard,0.571428571428571
106397,None,0.5
106401,Clay,0.595238095238095
106401,Grass,0.645161290322581
106401,Hard,0.661538461538462
106410,Clay,0.6
106412,Hard,0.111111111111111
106415,Hard,0.46551724137931
106420,Clay,0.5
106421,Clay,0.153846153846154
106421,Grass,0.590909090909091
106421,Hard,0.605633802816901
106423,Clay,0.25
106423,Grass,0.333333333333333
106423,Hard,0.41304347826087
106426,Clay,0.5
106426,Hard,0.285714285714286
106432,Clay,0.569444444444444
106432,Grass,0.466666666666667
106432,Hard,0.495867768595041
107098,Clay,0.142857142857143
107098,Hard,0.388888888888889
107552,Clay,0.4
108344,Hard,0.333333333333333
108582,Hard,0.333333333333333
108588,Hard,0.333333333333333
108593,Hard,0.777777777777778
108594,Clay,0.473684210526316
108594,Hard,0.4
108596,Hard,0.333333333333333
108597,Clay,0.666666666666667
108602,Carpet,0.5
108603,Clay,0.25
108607,Carpet,0.333333333333333
108615,Clay,0.5
108617,Hard,0.4
108618,Clay,0.222222222222222
108618,Hard,0.0769230769230769
108622,Hard,0.333333333333333
108623,Hard,0.333333333333333
108628,Clay,0.5
108628,Hard,0.4
108637,Hard,0.4
108640,Hard,0.5
108644,Clay,0.666666666666667
108644,Hard,0.3
108645,Hard,0.333333333333333
108646,Clay,0.2
108647,Clay,0.5
108651,Hard,0.5
108657,Carpet,0.333333333333333
108675,Hard,0.5
108678,Hard,0.333333333333333
108679,Clay,0.5
108680,Hard,0.5
108685,Hard,0.333333333333333
108688,Hard,0.5
108691,Hard,0.166666666666667
108692,Hard,0.25
108693,Hard,0.75
108701,Clay,0.666666666666667
108701,Hard,0.5
108713,Hard,0.666666666666667
108715,Clay,0.5
108717,Clay,0.666666666666667
108717,Hard,0.666666666666667
108720,Clay,0.5
108728,Hard,0.5
108739,Hard,0.5
108741,Hard,0.333333333333333
108747,Clay,0.333333333333333
108748,Clay,0.25
108748,Hard,0.333333333333333
108749,Clay,0.333333333333333
108761,Hard,0.25
108764,Hard,0.666666666666667
108766,Hard,0.4
108767,Hard,0.5
108768,Hard,0.2
108770,Hard,0.5
108776,Clay,0.5
108786,Hard,0.166666666666667
108909,Clay,0.5
108909,Hard,0.2
108915,Hard,0.5
108916,Hard,0.25
108925,Clay,0.5
108925,Hard,0.25
108927,Clay,0.25
108930,Clay,0.25
108930,Hard,0.4
108939,Hard,0.4
108941,Hard,0.5
108942,Clay,0.666666666666667
108945,Hard,0.3
108947,Hard,0.666666666666667
108952,Clay,0.25
108956,Clay,0.666666666666667
108960,Hard,0.571428571428571
108961,Hard,0.25
108962,Hard,0.25
108978,Hard,0.25
108980,Clay,0.333333333333333
109054,Clay,0.25
109303,Clay,0.333333333333333
109520,Hard,0.5
109739,Clay,0.44
109739,Grass,0.142857142857143
109739,Hard,0.315789473684211
110602,Clay,0.5
110602,Grass,0.666666666666667
110602,Hard,0.333333333333333
110685,Hard,0.875
110748,Clay,0.5
111153,Hard,0.25
111167,Hard,0.222222222222222
111181,Hard,0.642857142857143
111190,Hard,0.6
111197,Hard,0.5
111200,Clay,0.333333333333333
111200,Hard,0.285714285714286
111202,Clay,0.548387096774194
111202,Grass,0.333333333333333
111202,Hard,0.554347826086957
111426,"",0.5
111442,Clay,0.272727272727273
111442,Grass,0.181818181818182
111442,Hard,0.342857142857143
111453,Carpet,0.5
111453,Hard,0.333333333333333
111456,Grass,0.625
111456,Hard,0.0909090909090909
111460,Clay,0.142857142857143
111460,Hard,0.294117647058824
111511,Clay,0.25
111511,Hard,0.352941176470588
111513,Clay,0.551724137931034
111513,Hard,0.25
111575,Clay,0.581395348837209
111575,Grass,0.714285714285714
111575,Hard,0.487179487179487
111577,Clay,0.266666666666667
111577,Grass,0.428571428571429
111577,Hard,0.474358974358974
111578,Grass,0.454545454545455
111581,Hard,0.352941176470588
111761,Hard,0.714285714285714
111794,Clay,0.5
111794,Hard,0.428571428571429
111797,Clay,0.58974358974359
111797,Grass,0.25
111797,Hard,0.4375
111805,Clay,0.5
111815,Clay,0.6
111815,Grass,0.333333333333333
111815,Hard,0.5
117356,Hard,0.222222222222222
117357,Hard,0.25
117361,Grass,0.5
117361,Hard,0.2
117365,"",0.5
117365,Hard,0.25
118053,Hard,0.25
120401,Clay,0.5
120401,Hard,0.8
120424,Clay,0.6
120424,Hard,0.333333333333333
120792,Hard,0.5
120798,Hard,0.5
121896,Hard,0.5
122047,Hard,0.5
122078,Clay,0.666666666666667
122078,Hard,0.5
122330,Clay,0.5
122330,Hard,0.454545454545455
122533,Hard,0.333333333333333
122548,Clay,0.5
122548,Hard,0.25
122669,Clay,0.4
122687,Hard,0.5
123755,Hard,0.666666666666667
123921,Clay,0.285714285714286
123983,Hard,0.5
124014,Clay,0.3
124014,Grass,0.333333333333333
124014,Hard,0.36
124063,Hard,0.333333333333333
124116,Clay,0.571428571428571
124116,Grass,0.666666666666667
124187,Hard,0.4
125571,Hard,0.6
125802,Clay,0.142857142857143
125802,Hard,0.631578947368421
126094,Clay,0.434782608695652
126094,Grass,0.6
126094,Hard,0.463768115942029
126127,Clay,0.5
126174,Hard,0.666666666666667
126203,Clay,0.545454545454545
126203,Grass,0.230769230769231
126203,Hard,0.514285714285714
126205,Clay,0.5
126205,Hard,0.444444444444444
126207,Clay,0.333333333333333
126207,Grass,0.555555555555556
126207,Hard,0.418181818181818
126340,Hard,0.166666666666667
126523,Clay,0.5
126526,Hard,0.333333333333333
126526,None,0.5
126530,Hard,0.5
126535,Hard,0.5
126610,Clay,0.6
126610,Grass,0.25
126610,Hard,0.4
126652,Grass,0.25
126774,Clay,0.578947368421053
126774,Grass,0.6
126774,Hard,0.473684210526316
127143,Clay,0.333333333333333
127157,Grass,0.666666666666667
127570,Hard,0.5
128034,Clay,0.428571428571429
128034,Hard,0.333333333333333
132283,Clay,0.428571428571429
132283,Hard,0.5
133297,Hard,0.5
133430,Clay,0.571428571428571
133430,Grass,0.333333333333333
133430,Hard,0.581818181818182
133975,Hard,0.8
134120,Hard,0.666666666666667
134472,Clay,0.2
134677,"",0.5
134770,Clay,0.476190476190476
134770,Hard,0.25
134868,Hard,0.333333333333333
134886,Clay,0.4
134886,Hard,0.333333333333333
136440,Hard,0.333333333333333
137018,None,0.5
138846,Hard,0.5
138846,None,0.5
144707,Clay,0.5
144707,Hard,0.416666666666667
144719,Clay,0.466666666666667
144719,Hard,0.375
144750,Hard,0.7
144760,Clay,0.4
144797,Clay,0.5
144817,Clay,0.5
144817,Hard,0.5
144895,Clay,0.272727272727273
144923,Clay,0.5
200000,Clay,0.4
200000,Hard,0.285714285714286
200005,Hard,0.5
200059,Hard,0.333333333333333
200095,Hard,0.333333333333333
200247,Hard,0.333333333333333
200273,Clay,0.5
200274,Hard,0.5
200282,Clay,0.166666666666667
200282,Grass,0.4
200282,Hard,0.5625
200325,Clay,0.5
200325,Hard,0.5
200436,Clay,0.333333333333333
200484,Clay,0.333333333333333
200484,Grass,0.333333333333333
200619,Hard,0.333333333333333
200620,Hard,0.333333333333333
200621,None,0.5
202165,Hard,0.5
202165,None,0.5
                        55136
