round,player_2,surface,court,age,atp_ranking,atp_points,name,hand,height,odd,AVG(ace),AVG(df),AVG(svpt),AVG(first_in),AVG(first_won),AVG(second_won),AVG(sv_gms),AVG(bp_saved),AVG(bp_faced)
R32,105051,Hard,Indoor,23.832991102,135,408,"Matthew Ebden",R,188,1.0,5.03508771929825,4.19298245614035,71.7017543859649,43.6140350877193,30.2982456140351,12.859649122807,9.96491228070176,4.21052631578947,7.28070175438596
R32,104500,Hard,Outdoor,25.8863791923,108,526,"Somdev Devvarman",R,180,1.0,2.69387755102041,1.30612244897959,54.3673469387755,32.8877551020408,22.0510204081633,10.6326530612245,8.29591836734694,3.12244897959184,5.36734693877551
R32,105173,Hard,Indoor,23.6440793977,126,454,"Adrian Mannarino",L,183,1.0,4.12727272727273,2.64848484848485,78.3757575757576,47.3757575757576,32.2,15.1393939393939,11.5878787878788,4.35151515151515,7.60606060606061
R128,106071,Grass,Outdoor,19.6769336071,28,1255,"Bernard Tomic",R,193,1.0,5.81818181818182,1.69090909090909,75.0121212121212,49.0848484848485,34.230303030303,13.0424242424242,11.169696969697,3.86666666666667,6.27878787878788
R64,105028,Grass,Outdoor,24.6954140999,106,521,"Jesse Levine",L,175,2.0,4.61971830985915,4.59154929577465,78.3380281690141,46.9859154929577,31.4507042253521,14.9295774647887,11.6760563380282,5.15492957746479,8.45070422535211
R32,104665,Hard,Indoor,26.7460643395,40,950,"Pablo Andujar",R,180,2.0,1.61256544502618,3.21465968586387,74.5183246073298,47.0732984293194,30.1204188481675,13.1937172774869,11.1675392670157,4.3979057591623,7.91623036649215
R16,104545,Hard,Indoor,27.4907597536,11,2565,"John Isner",R,206,1.0,16.6319444444444,2.25925925925926,86.7777777777778,59.5532407407407,46.3564814814815,15.2268518518519,13.5208333333333,2.96296296296296,4.17824074074074
R64,103917,Hard,Outdoor,30.5790554415,60,744,"Nicolas Mahut",R,190,1.0,7.87919463087248,3.68120805369128,80.1040268456376,48.6677852348993,35.6174496644295,15.6879194630872,12.251677852349,3.8758389261745,6.35906040268456
R32,104678,Hard,Outdoor,26.5242984257,30,1255,"Viktor Troicki",R,193,1.0,7.03421052631579,2.34210526315789,71.7763157894737,43.0947368421053,30.9447368421053,13.4605263157895,10.8657894736842,3.97368421052632,6.66842105263158
R16,103997,Hard,Outdoor,30.264202601,78,640,"Lukasz Kubot",R,190,2.0,3.7,3.87368421052632,69.6947368421053,43.6157894736842,29.8578947368421,12.3631578947368,10.7368421052632,3.78947368421053,6.62631578947368
R32,103598,Hard,Outdoor,31.4551676934,49,910,"Xavier Malisse",R,185,1.0,6.7063829787234,2.05744680851064,73.8063829787234,42.2021276595745,30.9914893617021,16.1553191489362,11.7382978723404,3.81914893617021,6.29787234042553
R16,104676,Hard,Outdoor,25.9055441478,98,580,"Andreas Beck",L,190,1.0,4.32352941176471,4.04901960784314,77.843137254902,46.1274509803922,32.1470588235294,16.6078431372549,11.9901960784314,4.23529411764706,6.86274509803922
R32,105051,Hard,Outdoor,25.0978781656,105,529,"Matthew Ebden",R,188,2.0,5.4,4.06666666666667,75.0888888888889,46.0333333333333,32.2444444444444,13.3555555555556,10.8,4.32222222222222,7.34444444444444
R64,104229,Hard,Outdoor,29.9575633128,60,790,"Yen Hsun Lu",R,180,1.0,3.82534246575342,3.30479452054795,70.0684931506849,42.2534246575342,29.7157534246575,13.736301369863,10.7534246575342,3.77739726027397,6.46575342465753
R64,106058,Hard,Outdoor,20.900752909,87,611,"Jack Sock",R,185,2.0,6.58778625954198,4.53435114503817,82.206106870229,47.4045801526718,34.7099236641221,17.9923664122137,12.3969465648855,4.13740458015267,6.58778625954198
R32,104494,Clay,Outdoor,28.2381930185,134,412,"Adrian Ungur",R,178,2.0,1.8135593220339,2.1864406779661,47.9322033898305,29.4915254237288,19.4576271186441,8.79661016949153,7.16949152542373,2.89830508474576,5.01694915254237
R32,104932,Clay,Outdoor,27.1649555099,102,561,"Kenny De Schepper",L,203,4.0,9.25,4.91071428571429,80.1071428571429,51.9642857142857,37.6964285714286,13.7321428571429,12.2142857142857,4.69642857142857,6.83928571428571
R16,104259,Clay,Outdoor,30.7816563997,24,1505,"Philipp Kohlschreiber",R,178,1.0,5.34259259259259,2.0679012345679,72.9737654320988,44.0123456790123,31.7067901234568,15.5354938271605,11.3163580246914,3.60648148148148,5.74074074074074
QF,103893,Clay,Outdoor,32.6160164271,83,644,"Paolo Lorenzi",R,183,3.0,3.56172839506173,2.67901234567901,73.8271604938272,43.5,29.6296296296296,14.679012345679,10.6604938271605,4.15432098765432,7.32716049382716
SF,104216,Clay,Outdoor,31.022587269,104,553,"Maximo Gonzalez",R,175,3.0,1.57534246575342,2.46575342465753,85.1506849315068,55.4520547945205,34.6712328767123,13.958904109589,12.6575342465753,6.20547945205479,10.2739726027397
F,106233,Clay,Outdoor,20.8980150582,50,882,"Dominic Thiem",R,"",1.0,5.0,2.91082802547771,78.0254777070064,45.7388535031847,33.6369426751592,17.2484076433121,10.8535031847134,3.76433121019108,5.97452229299363
R32,106233,Hard,Indoor,21.1279945243,39,1024,"Dominic Thiem",R,"",3.0,5.00602409638554,2.93975903614458,78.2228915662651,45.6867469879518,33.6566265060241,17.3253012048193,10.9819277108434,3.78915662650602,6.01807228915663
R16,104471,Hard,Indoor,29.7960301164,85,655,"Ivan Dodig",R,183,3.0,7.97747747747748,3.11261261261261,75.2207207207207,43.7972972972973,31.7657657657658,15.6261261261261,11.7162162162162,3.90540540540541,6.52702702702703
QF,105683,Hard,Indoor,23.8138261465,9,3840,"Milos Raonic",R,196,1.0,13.6022408963585,2.89075630252101,71.5490196078431,44.672268907563,36.2885154061625,14.6106442577031,11.6442577030812,2.53221288515406,3.65266106442577
SF,106432,Hard,Indoor,17.9301848049,124,447,"Borna Coric",R,"",3.66666666666667,5.44954128440367,2.14678899082569,75.5596330275229,45.7155963302752,32.9908256880734,15.9174311926606,10.5137614678899,3.54128440366972,5.87155963302752
R32,103722,Hard,"",33.5441478439,450,88,"Florent Serra",R,180,5.33333333333333,3.78082191780822,2.04109589041096,81.8801369863014,50.1643835616438,33.7979452054795,15.8595890410959,12.3082191780822,4.71575342465753,7.86986301369863
R16,104735,Hard,"",28.3203285421,97,600,"Tobias Kamke",R,180,3.0,2.05594405594406,3.3986013986014,77.2237762237762,45.7272727272727,29.993006993007,15.5524475524476,11.6713286713287,4.51048951048951,7.83916083916084
QF,104542,Hard,"",29.4127310062,11,3170,"Jo Wilfried Tsonga",R,188,1.0,9.17164179104478,2.20708955223881,76.089552238806,47.4776119402985,36.6716417910448,15.1380597014925,12.2070895522388,3.29291044776119,4.92350746268657
SF,105526,Hard,"",24.3915126626,61,773,"Jan Lennard Struff",R,"",3.33333333333333,6.86046511627907,4.09302325581395,80.0232558139535,44.6511627906977,33.1744186046512,17.3488372093023,11.3255813953488,3.75581395348837,6.54651162790698
F,105311,Hard,"",25.4620123203,39,1032,"Joao Sousa",R,"",3.66666666666667,2.83419689119171,2.03108808290155,70.7098445595855,42.9740932642487,29.5440414507772,13.440414507772,10.4145077720207,3.92746113989637,6.82901554404145
R128,104944,Hard,Outdoor,27.2114989733,238,206,"Niels Desein",R,"",8.33333333333333,2.0,1.0,94.0,63.0,34.0,18.0,14.0,3.0,8.0
R64,105311,Hard,Outdoor,25.4045174538,38,1077,"Joao Sousa",R,"",3.66666666666667,2.79787234042553,2.06382978723404,70.3723404255319,42.6702127659574,29.313829787234,13.4414893617021,10.3723404255319,3.82978723404255,6.72872340425532
R64,103781,Hard,Outdoor,33.2402464066,68,770,"Jurgen Melzer",L,183,2.0,5.04573170731707,2.6280487804878,73.9588414634146,45.3719512195122,31.7484756097561,14.4801829268293,11.4557926829268,3.86890243902439,6.40701219512195
R32,104919,Hard,Outdoor,27.2607802875,26,1354,"Leonardo Mayer",R,188,2.0,5.97489539748954,3.29707112970711,75.8242677824268,45.9539748953975,33.6945606694561,15.7364016736402,11.6694560669456,3.63598326359833,5.89539748953975
R16,103813,Hard,Outdoor,33.0704996578,54,838,"Jarkko Nieminen",L,185,2.0,2.86344827586207,1.95448275862069,73.0,47.7958620689655,32.3020689655172,12.7034482758621,11.2413793103448,4.0551724137931,6.72275862068966
R32,103997,Hard,Outdoor,31.7782340862,83,651,"Lukasz Kubot",R,190,2.0,4.05909090909091,3.94090909090909,71.3090909090909,44.4272727272727,30.4272727272727,12.6909090909091,10.9909090909091,3.91818181818182,6.82272727272727
R16,104620,Clay,Outdoor,29.5496235455,52,896,"Simone Bolelli",R,183,2.0,3.88709677419355,1.33467741935484,72.3306451612903,47.633064516129,32.9677419354839,13.1129032258065,11.1532258064516,3.54838709677419,5.91935483870968
R16,104547,Clay,Outdoor,30.2477754962,146,360,"Horacio Zeballos",L,188,4.0,5.77439024390244,2.47560975609756,79.7926829268293,49.2378048780488,34.7926829268293,15.5548780487805,11.5609756097561,4.28048780487805,6.84756097560976
QF,105311,Clay,Outdoor,26.3244353183,43,986,"Joao Sousa",R,"",3.0,2.85589519650655,2.01310043668122,72.2314410480349,44.0524017467249,30.3100436681223,13.7598253275109,10.6768558951965,4.0,6.86899563318777
SF,105064,Clay,Outdoor,27.5728952772,39,1065,"Thomaz Bellucci",L,188,2.0,5.53571428571429,2.73626373626374,73.1510989010989,42.5137362637363,30.0906593406593,15.6593406593407,11.1950549450549,3.81043956043956,6.39835164835165
R32,104312,Hard,Indoor,31.6769336071,27,1405,"Andreas Seppi",R,190,3.0,4.40378548895899,2.66403785488959,76.0851735015773,44.3170347003155,31.0205047318612,15.9053627760252,11.6766561514196,4.17034700315457,7.03470031545741
R16,105173,Hard,Indoor,27.3237508556,40,1015,"Adrian Mannarino",L,183,3.0,4.472,2.62,78.076,47.34,32.54,15.348,11.8,4.44,7.488
R64,105613,Clay,"",24.6652977413,124,463,"Norbert Gombos",U,"",4.0,2.07142857142857,2.14285714285714,31.8571428571429,19.2142857142857,13.4285714285714,5.5,3.35714285714286,2.21428571428571,3.71428571428571
R32,105668,Hard,Indoor,24.2600958248,47,905,"Jerzy Janowicz",R,203,2.0,7.93373493975904,4.45783132530121,70.7530120481928,43.4819277108434,32.5240963855422,13.3975903614458,11.0240963855422,3.53012048192771,5.57831325301205
R64,104424,Hard,Outdoor,31.099247091,119,464,"Go Soeda",R,178,7.66666666666667,2.17777777777778,2.08888888888889,57.5851851851852,31.9555555555556,21.5111111111111,12.3851851851852,8.88148148148148,2.98518518518519,5.64444444444444
R128,104547,Grass,Outdoor,30.1711156742,128,431,"Horacio Zeballos",L,188,5.66666666666667,5.77160493827161,2.48148148148148,79.7901234567901,49.1851851851852,34.7716049382716,15.5987654320988,11.5555555555556,4.25925925925926,6.82098765432099
R64,106281,Grass,Outdoor,21.4811772758,182,282,"Liam Broady",L,"",9.33333333333333,5.0,4.16666666666667,82.6666666666667,47.0,30.8333333333333,16.6666666666667,12.5,3.83333333333333,8.0
R32,104571,Grass,Outdoor,30.0314852841,54,880,"Marcos Baghdatis",R,183,2.0,6.84362934362934,3.12162162162162,76.5984555984556,40.46138996139,30.2181467181467,18.6100386100386,11.8996138996139,3.67953667953668,6.12162162162162
R128,104620,Hard,Outdoor,29.8945927447,62,785,"Simone Bolelli",R,183,3.0,3.99227799227799,1.36679536679537,72.7953667953668,47.976833976834,33.3513513513514,13.1814671814672,11.2316602316602,3.53281853281853,5.86872586872587
R64,105575,Hard,Outdoor,25.1937029432,78,661,"Ricardas Berankis",R,175,4.66666666666667,4.28082191780822,3.21232876712329,68.6506849315068,37.8287671232877,27.1095890410959,15.9246575342466,10.3493150684932,3.45205479452055,5.79452054794521
R128,103188,Hard,Outdoor,36.720054757,156,325,"Michael Russell",R,173,6.0,2.51152073732719,3.2073732718894,77.0460829493088,50.8202764976959,32.9124423963134,12.741935483871,11.9078341013825,4.07373271889401,7.62672811059908
R32,104312,Hard,Outdoor,31.6194387406,25,1440,"Andreas Seppi",R,190,2.33333333333333,4.40253565768621,2.66244057052298,76.1061806656101,44.3423137876387,31.0316957210777,15.9112519809826,11.6814580031696,4.1743264659271,7.0364500792393
R16,105575,Hard,Outdoor,24.5420944559,83,605,"Ricardas Berankis",R,175,3.0,4.04761904761905,3.0952380952381,64.7619047619048,35.3650793650794,25.1428571428571,15.0555555555556,9.70634920634921,3.20634920634921,5.52380952380952
R16,103607,Clay,Outdoor,35.72895277,82,680,"Victor Estrella",R,173,6.66666666666667,2.2015503875969,1.50387596899225,46.7131782945736,29.8217054263566,19.937984496124,8.51162790697674,6.95348837209302,2.51162790697674,4.41085271317829
R32,104571,Hard,Indoor,31.35386721,36,1115,"Marcos Baghdatis",R,183,2.0,6.84656084656085,3.10405643738977,76.5273368606702,40.5220458553792,30.2645502645503,18.6031746031746,11.9135802469136,3.65784832451499,6.08818342151675
R32,106415,Hard,Outdoor,21.01848049,96,618,"Yoshihito Nishioka",L,"",3.66666666666667,1.76,2.0,74.54,46.26,29.64,15.1,11.02,4.5,7.76
R16,106210,Hard,Outdoor,23.23340178,52,863,"Jiri Vesely",L,"",2.66666666666667,6.79878048780488,3.53658536585366,78.3536585365854,49.9024390243902,35.8292682926829,14.6768292682927,11.8048780487805,4.13414634146341,6.54878048780488
QF,105311,Hard,Outdoor,27.51266256,34,1190,"Joao Sousa",R,"",3.66666666666667,2.99272727272727,2.07272727272727,73.5236363636364,44.9309090909091,31.0545454545455,13.9927272727273,11.0072727272727,3.98545454545455,6.86181818181818
SF,105227,Hard,Outdoor,28.01368925,11,2885,"Marin Cilic",R,198,1.0,8.44410413476263,2.69525267993874,76.7978560490046,43.0321592649311,32.9234303215926,17.8468606431853,11.9709035222052,3.52220520673813,5.51301684532925
R16,105526,Hard,Indoor,26.40383299,87,649,"Jan Lennard Struff",R,"",3.66666666666667,7.25806451612903,4.12096774193548,81.758064516129,45.758064516129,34.2016129032258,17.5241935483871,11.9516129032258,3.83870967741935,6.65322580645161
QF,103917,Hard,Indoor,34.66119097,40,1083,"Nicolas Mahut",R,190,2.0,7.88346883468835,3.57181571815718,79.8753387533875,48.5582655826558,35.7073170731707,15.7073170731707,12.3143631436314,3.81571815718157,6.22222222222222
R64,103852,Clay,Outdoor,34.55715264,23,1585,"Feliciano Lopez",L,188,3.0,10.0898058252427,3.31067961165049,80.506067961165,47.2026699029126,35.8847087378641,17.2572815533981,12.493932038835,3.84466019417476,5.87014563106796
R32,104269,Clay,Outdoor,32.40520192,88,635,"Fernando Verdasco",L,188,2.66666666666667,5.20588235294118,3.93014705882353,78.203431372549,52.9313725490196,37.4301470588235,12.9620098039216,12.156862745098,4.03186274509804,6.43627450980392
R32,111202,Hard,Indoor,19.74264203,69,735,"Hyeon Chung",U,"",3.66666666666667,3.30882352941176,3.0,67.3676470588235,40.7794117647059,28.4705882352941,13.3823529411765,9.32352941176471,3.01470588235294,5.57352941176471
R16,104999,Hard,Indoor,28.48459959,175,314,"Mischa Zverev",L,190,3.0,4.65116279069767,2.11627906976744,78.353488372093,50.7674418604651,34.7488372093023,13.3441860465116,11.306976744186,4.51627906976744,7.55813953488372
R32,106432,Grass,Outdoor,19.57837098,49,935,"Borna Coric",R,"",4.0,5.175,2.16875,75.325,45.8,32.70625,15.65,10.91875,3.7,6.125
R16,104660,Grass,Outdoor,30.43394935,100,590,"Sergiy Stakhovsky",R,193,3.0,5.89367816091954,2.3448275862069,72.0948275862069,44.6494252873563,31.9396551724138,13.5488505747126,11.0086206896552,3.71551724137931,6.13793103448276
R64,105223,Hard,Outdoor,28.04654346,63,770,"Juan Martin Del Potro",R,198,1.0,6.94063079777365,2.23191094619666,72.9628942486085,46.4489795918367,34.4712430426716,14.178107606679,11.3543599257885,3.11873840445269,4.92764378478664
R32,105332,Hard,Outdoor,27.42505133,47,960,"Benoit Paire",R,196,3.33333333333333,8.17465753424658,4.47260273972603,84.4897260273973,43.4041095890411,31.8767123287671,18.986301369863,12.2979452054795,4.8458904109589,8.20205479452055
R16,104792,Hard,Outdoor,30.10814511,8,3725,"Gael Monfils",R,193,1.0,8.10798122065728,3.31142410015649,77.1283255086072,47.697965571205,34.8450704225352,14.7214397496088,11.9311424100156,3.71830985915493,6.07198748043818
R128,105528,Grass,Outdoor,26.16016427,245,215,"Alexander Ward",U,"",10.3333333333333,6.0,2.0,89.0,60.0,41.5,15.0,13.0,5.0,7.5
R32,104797,Grass,Outdoor,29.80424367,116,531,"Denis Istomin",R,188,4.66666666666667,5.96411483253589,1.65789473684211,72.3732057416268,46.9258373205742,33.2272727272727,13.0813397129187,11.11004784689,3.7799043062201,6.1244019138756
R128,104660,Hard,Outdoor,30.03148528,60,780,"Sergiy Stakhovsky",R,193,5.66666666666667,5.83577712609971,2.34897360703812,71.9354838709677,44.6480938416422,31.9530791788856,13.4574780058651,10.9765395894428,3.72140762463343,6.12609970674487
R64,106000,Hard,Outdoor,23.66324435,81,661,"Damir Dzumhur",R,172,11.0,2.10416666666667,2.375,66.3541666666667,42.6458333333333,27.6041666666667,11.7291666666667,8.89583333333333,3.80208333333333,7.03125
R32,106233,Hard,Outdoor,22.37371663,20,1645,"Dominic Thiem",R,"",1.0,5.21860465116279,2.73488372093023,76.9255813953488,44.9302325581395,33.1767441860465,17.1581395348837,11.1209302325581,3.62325581395349,5.78139534883721
R16,104252,Hard,Indoor,33.0349076,55,823,"Florian Mayer",R,190,4.66666666666667,3.99358974358974,1.70299145299145,70.3076923076923,43.5277777777778,30.0042735042735,13.3760683760684,10.8482905982906,3.57692307692308,6.26495726495726
QF,105657,Hard,Indoor,26.00136893,198,275,"Marius Copil",R,193,5.66666666666667,9.03529411764706,2.37647058823529,65.9176470588235,37.7058823529412,28.4352941176471,14.6588235294118,9.87058823529412,2.94117647058824,4.76470588235294
R32,105064,Hard,Outdoor,28.01368925,37,1105,"Thomaz Bellucci",L,188,3.0,5.58776595744681,2.78723404255319,73.5558510638298,42.75,30.3058510638298,15.7420212765957,11.2553191489362,3.85904255319149,6.44946808510638
R16,105430,Clay,Outdoor,27.6988364134,132,418,"Radu Albot",U,"",5.0,1.75,2.3125,63.625,41.5125,26.4875,10.6,7.575,3.4375,6.475
R32,105376,Hard,Indoor,28.2737850787,69,758,"Peter Gojowczyk",R,185,3.0,7.44444444444444,3.9047619047619,79.4920634920635,43.6666666666667,32.9365079365079,17.047619047619,11.4126984126984,3.82539682539683,6.53968253968254
R16,111202,Hard,Indoor,21.4291581109,57,877,"Hyeon Chung",U,"",2.0,3.20588235294118,2.84313725490196,68.0294117647059,41.8627450980392,29.2843137254902,13.0588235294118,9.82352941176471,3.22549019607843,5.75490196078431
QF,106058,Hard,Indoor,25.0787132101,23,1900,"Jack Sock",R,185,3.0,6.67169811320755,4.28679245283019,79.211320754717,46.0301886792453,34.1358490566038,17.6301886792453,12.177358490566,3.77358490566038,5.93207547169811
R32,103852,Hard,Outdoor,36.0328542094,34,1295,"Feliciano Lopez",L,188,2.0,10.0618556701031,3.28980526918671,80.5979381443299,47.2680412371134,35.9369988545246,17.2497136311569,12.4982817869416,3.88430698739977,5.91523482245132
R16,105051,Hard,Outdoor,29.8507871321,139,419,"Matthew Ebden",R,188,6.0,5.28472222222222,4.5625,75.3194444444444,45.7708333333333,32.0486111111111,13.2847222222222,11.1527777777778,4.25694444444444,7.46527777777778
QF,104755,Hard,Outdoor,31.2908966461,30,1365,"Richard Gasquet",R,185,1.0,5.30612244897959,2.2844387755102,73.359693877551,45.3469387755102,33.202806122449,14.9885204081633,11.6632653061224,3.27295918367347,5.3469387755102
SF,106043,Hard,Outdoor,25.1279945243,29,1585,"Diego Sebastian Schwartzman",R,"",2.0,2.21212121212121,2.80606060606061,77.4484848484849,47.2787878787879,30.6969696969697,15.1151515151515,10.4787878787879,4.37575757575758,7.86666666666667
F,105173,Hard,Outdoor,29.2594113621,31,1335,"Adrian Mannarino",L,183,2.66666666666667,4.46815286624204,2.64649681528662,77.8057324840764,47.1369426751592,32.4363057324841,15.3949044585987,11.5732484076433,4.32802547770701,7.32802547770701
R16,104597,Hard,Indoor,32.076659822,131,435,"Nicolas Almagro",R,183,4.0,8.07248520710059,2.44970414201183,76.0547337278107,44.1686390532544,33.042899408284,16.8254437869822,12.0251479289941,3.45266272189349,5.57100591715976
R32,105723,Hard,Indoor,25.9767282683,54,835,"Andrey Kuznetsov",R,185,3.0,4.98026315789474,2.85526315789474,76.2368421052632,43.9013157894737,31.2171052631579,15.9934210526316,11.6907894736842,4.0,6.88815789473684
R16,104898,Hard,Indoor,29.8590006845,57,808,"Robin Haase",R,190,4.0,6.01719901719902,2.62407862407862,76.6044226044226,45.6805896805897,32.7788697788698,15.2014742014742,11.6584766584767,4.004914004914,6.63390663390663
QF,105777,Hard,Indoor,25.749486653,12,2925,"Grigor Dimitrov",R,188,1.0,6.99513381995134,3.15571776155718,77.3576642335766,48.0048661800487,35.8442822384428,15.2092457420925,12.0413625304136,3.54014598540146,5.669099756691
SF,105732,Hard,Indoor,25.9110198494,109,530,"Pierre Hugues Herbert",R,"",3.66666666666667,10.1686746987952,4.39759036144578,87.433734939759,50.6385542168675,37.9879518072289,18.9879518072289,11.9638554216867,4.08433734939759,6.39759036144578
R64,104327,Clay,"",33.0951403149,51,899,"Steve Darcis",R,178,5.0,3.65625,1.80803571428571,69.7410714285714,42.3794642857143,29.3839285714286,14.0267857142857,10.6919642857143,3.54017857142857,6.0625
R32,104597,Clay,"",31.6550308008,57,815,"Nicolas Almagro",R,183,4.0,8.10526315789474,2.45864661654135,76.2646616541353,44.2872180451128,33.1353383458647,16.9007518796992,12.0556390977444,3.47518796992481,5.58947368421053
R16,106233,Clay,"",23.6194387406,9,3385,"Dominic Thiem",R,"",1.0,5.55755395683453,2.79136690647482,76.9208633093525,45.2877697841727,33.5035971223022,16.9280575539568,11.4208633093525,3.56834532374101,5.71942446043165
QF,104925,Clay,"",29.9055441478,2,7905,"Novak Djokovic",R,188,1.0,5.13128205128205,2.15076923076923,73.8246153846154,47.7774358974359,35.0123076923077,14.4379487179487,11.76,3.26769230769231,4.99282051282051
R32,105932,Clay,Outdoor,25.1663244353,61,811,"Nikoloz Basilashvili",R,"",5.5,2.89473684210526,4.18421052631579,85.0,53.3289473684211,35.4736842105263,15.6973684210526,11.5131578947368,4.73684210526316,8.25
R16,105226,Clay,Outdoor,28.8021902806,174,313,"Attila Balazs",R,180,5.66666666666667,1.26923076923077,1.46153846153846,37.5769230769231,22.4615384615385,14.3076923076923,7.65384615384615,5.53846153846154,2.23076923076923,3.84615384615385
R32,104898,Hard,Outdoor,29.7440109514,59,795,"Robin Haase",R,190,4.66666666666667,5.94987468671679,2.59649122807018,76.5588972431078,45.6842105263158,32.7443609022556,15.1679197994987,11.6340852130326,4.02255639097744,6.64912280701754
RR,104745,Hard,Indoor,31.446954141,1,10645,"Rafael Nadal",L,185,1.0,2.83606557377049,1.51548269581056,70.1775956284153,48.1393442622951,34.5601092896175,12.5965391621129,11.155737704918,3.26138433515483,4.93169398907104
RR,106233,Hard,Indoor,24.1943874059,4,3815,"Dominic Thiem",R,"",1.0,5.66019417475728,2.80906148867314,77.0388349514563,45.3754045307443,33.663430420712,16.8899676375405,11.2783171521036,3.61812297734628,5.74433656957929
SF,103819,Hard,Indoor,36.2655715264,2,9005,"Roger Federer",R,185,1.0,7.50763358778626,1.70916030534351,73.7824427480916,45.9038167938931,35.6229007633588,15.9221374045802,12.0992366412214,2.75496183206107,4.07480916030534
R128,124187,Hard,Outdoor,19.3867214237,208,267,"Reilly Opelka",U,"",4.66666666666667,15.3076923076923,4.61538461538461,85.5384615384615,49.3076923076923,38.7692307692308,21.3076923076923,13.3076923076923,3.61538461538462,4.84615384615385
R64,103285,Hard,Outdoor,38.1382614648,102,595,"Radek Stepanek",R,185,3.66666666666667,5.95607613469985,2.92532942898975,74.5856515373353,46.3250366032211,33.7349926793558,14.3762811127379,11.7423133235725,3.62225475841874,5.85212298682284
R32,103333,Hard,Outdoor,37.8836413415,21,1795,"Ivo Karlovic",R,208,3.33333333333333,18.8691588785047,3.29906542056075,80.7741433021807,52.8598130841121,43.7227414330218,14.8333333333333,13.1308411214953,2.61993769470405,3.69470404984424
R16,106233,Hard,Outdoor,23.370294319,8,3415,"Dominic Thiem",R,"",2.0,5.56505576208178,2.82899628252788,77.0743494423792,45.3791821561338,33.5799256505576,16.9702602230483,11.4126394052045,3.56505576208178,5.71375464684015
R16,105430,Hard,Indoor,27.2388774812,92,615,"Radu Albot",U,"",8.33333333333333,1.49230769230769,2.23076923076923,59.1384615384615,38.6923076923077,24.4153846153846,9.64615384615385,7.07692307692308,3.32307692307692,6.30769230769231
QF,104327,Hard,Indoor,32.9034907598,59,787,"Steve Darcis",R,178,3.0,3.62844036697248,1.82110091743119,69.9770642201835,42.545871559633,29.4816513761468,14.1238532110092,10.7247706422018,3.55045871559633,6.06422018348624
SF,105138,Hard,Indoor,28.8158795346,16,2190,"Roberto Bautista Agut",R,"",1.33333333333333,2.99093655589124,1.96676737160121,77.3474320241692,51.0332326283988,35.2114803625378,14.0815709969789,11.5619335347432,4.13897280966767,6.62839879154079
R16,126207,Hard,Indoor,19.7371663244,79,650,"Francis Tiafoe",R,"",3.0,7.7962962962963,3.05555555555556,89.3888888888889,54.2592592592593,38.3888888888889,18.3518518518519,12.4074074074074,4.14814814814815,7.18518518518519
R32,103565,Hard,Outdoor,36.7830253251,80,660,"Stephane Robert",R,185,13.3333333333333,3.72897196261682,4.17757009345794,80.5046728971963,42.9065420560748,29.6168224299065,17.6542056074766,12.196261682243,4.69158878504673,8.42056074766355
R64,105064,Clay,Outdoor,29.3744010951,59,821,"Thomaz Bellucci",L,188,4.66666666666667,5.53640776699029,2.87864077669903,73.5218446601942,42.6820388349515,30.1747572815534,15.8252427184466,11.2985436893204,3.81310679611651,6.43446601941748
R32,104269,Clay,Outdoor,33.4976043806,37,1085,"Fernando Verdasco",L,188,2.0,5.20862470862471,3.90792540792541,78.025641025641,52.7412587412587,37.2855477855478,12.9440559440559,12.1142191142191,4.04195804195804,6.44055944055944
R64,111575,Clay,Outdoor,20.9637234771,42,940,"Karen Khachanov",R,"",3.0,8.35955056179775,3.15730337078652,82.6067415730337,48.1573033707865,35.8202247191011,17.7191011235955,10.7078651685393,3.74157303370787,6.1123595505618
R32,104252,Clay,Outdoor,33.5906913073,51,901,"Florian Mayer",R,190,8.0,4.02719665271966,1.70502092050209,70.510460251046,43.6213389121339,30.0753138075314,13.4476987447699,10.8702928870293,3.59414225941423,6.27824267782427
R16,105683,Clay,Outdoor,26.3627652293,6,4135,"Milos Raonic",R,196,1.0,13.9066059225513,2.94305239179954,73.9293849658314,46.4692482915718,37.6879271070615,15.0227790432802,12.0865603644647,2.56947608200456,3.68109339407745
R16,104468,Hard,Indoor,33.1088295688,64,815,"Gilles Simon",R,183,3.0,4.23828647925033,2.16867469879518,78.7443105756359,44.7309236947791,31.0522088353414,17.6372155287818,11.9236947791165,4.33601070950469,7.18072289156626
QF,111575,Hard,Indoor,21.711156742,49,1030,"Karen Khachanov",R,"",3.0,8.53913043478261,3.2695652173913,84.0608695652174,49.4260869565217,36.5739130434783,17.7391304347826,10.7913043478261,3.96521739130435,6.36521739130435
R32,103917,Hard,Indoor,36.0602327173,101,547,"Nicolas Mahut",R,190,5.33333333333333,7.7219387755102,3.52040816326531,79.8494897959184,48.5841836734694,35.6454081632653,15.7168367346939,12.2831632653061,3.7984693877551,6.21173469387755
R16,103852,Hard,Indoor,36.3969883641,37,1295,"Feliciano Lopez",L,188,4.33333333333333,10.0826727066818,3.2797281993205,80.4881087202718,47.2514156285391,35.9388448471121,17.1925254813137,12.4869762174405,3.87655719139298,5.90600226500566
QF,104607,Hard,Indoor,32.4052019165,17,2320,"Tomas Berdych",R,196,2.0,7.331589958159,2.32635983263598,72.0585774058577,41.7646443514644,32.1694560669456,15.9006276150628,11.4476987447699,3.17677824267782,4.98953974895398
R32,126774,Clay,Outdoor,19.6769336071,71,767,"Stefanos Tsitsipas",R,"",1.0,7.43478260869565,2.47826086956522,82.4565217391304,47.1739130434783,35.7608695652174,18.4347826086957,11.2391304347826,3.54347826086957,5.80434782608696
R16,105138,Clay,Outdoor,30.0041067762,16,2175,"Roberto Bautista Agut",R,"",1.0,2.96514745308311,1.94906166219839,77.1930294906166,50.9276139410188,35.2654155495979,14.0616621983914,11.5093833780161,4.01608579088472,6.50134048257373
R32,104719,Clay,Outdoor,32.0301163587,129,435,"Marcel Granollers",R,190,3.0,3.9953596287703,2.31322505800464,74.7865429234339,45.5893271461717,31.2320185614849,14.3781902552204,11.6032482598608,4.05336426914153,7.11136890951276
R16,111575,Clay,Outdoor,21.9219712526,37,1300,"Karen Khachanov",R,"",1.5,8.53968253968254,3.11111111111111,82.2460317460317,48.6428571428571,36.1349206349206,17.2777777777778,10.7619047619048,3.91269841269841,6.1984126984127
QF,105138,Clay,Outdoor,30.0232717317,15,2175,"Roberto Bautista Agut",R,"",2.0,2.94946808510638,1.9468085106383,77.1117021276596,50.8563829787234,35.2260638297872,14.0664893617021,11.5106382978723,4.00531914893617,6.48936170212766
R128,104897,Hard,Outdoor,30.7898699521,182,280,"Matthias Bachinger",R,188,12.5,6.58333333333333,2.86111111111111,78.2777777777778,45.7638888888889,33.0833333333333,15.4583333333333,12.0694444444444,4.34722222222222,7.19444444444444
R32,105732,Hard,Outdoor,27.3675564682,78,725,"Pierre Hugues Herbert",R,"",2.66666666666667,9.81739130434783,4.28695652173913,86.1565217391304,50.7652173913043,37.9391304347826,17.9391304347826,11.9913043478261,4.01739130434783,6.39130434782609
R16,126207,Hard,Outdoor,20.5229295003,41,1040,"Francis Tiafoe",R,"",1.66666666666667,7.77777777777778,3.06172839506173,85.9876543209877,52.1111111111111,37.2098765432099,17.641975308642,12.4691358024691,4.16049382716049,6.97530864197531
