ht,age,rank,rank_points,common_ratio,common_ace,common_df,common_1st_in,common_1st_win,common_2nd_win,common_serve_win,common_break_saved,common_break_lost,common_return_1st_win,common_return_2nd_win,common_ace_faced,common_break_win,common_points_win,avg_ratio,avg_ace,avg_df,avg_1st_in,avg_1st_win,avg_2nd_win,avg_serve_win,avg_break_saved,avg_break_lost,avg_return_1st_win,avg_return_2nd_win,avg_ace_faced,avg_break_win,avg_points_win,common_completeness,common_serve1_adv,common_serve2_adv,avg_completeness,avg_serve1_adv,avg_serve2_adv,outcome,name_1,name_2,date,level,B365_1,B365_2,EX_1,EX_2,LB_1,LB_2,PS_1,PS_2,Max_1,Max_2,Avg_1,Avg_2
5,3.17316907,11,-78,0.013320984,0.017942717,-0.003372126,0.026118566,0.029324462,0.025405263,0.032708003,0.036578292,-0.066235456,-0.054912435,-0.035649307,0.023717573,-0.010324552,-0.006810624,0.010270042,0.017710869,-0.003349504,0.025627741,0.02882619,0.024446752,0.031937964,0.035441783,-0.064770412,-0.055013595,-0.036318681,0.023766729,-0.010455337,-0.007277739,-0.032649562,-0.025587973,-0.010244044,-0.033688208,-0.026187405,-0.01187193,1,Horacio Zeballos,Adrian Mannarino,29/05/2017,G,2,1.8,1.95,1.75,1.91,1.91,2.09,1.83,2.09,1.91,1.98,1.82
-5,-0.07118412,126,-1158,-0.08367573,-0.122514303,0.006341572,-0.035227375,-0.092365934,-0.014151984,-0.069080516,-0.064392816,0.105813129,0.056675844,0.056403001,-0.030843291,0.012966052,-0.005792668,-0.088827913,-0.122818238,0.006458414,-0.035866165,-0.092135817,-0.014504498,-0.069228529,-0.063760752,0.105982209,0.055890106,0.055276022,-0.029596809,0.012732601,-0.006333907,0.020797494,-0.03569009,0.042251017,0.019430532,-0.036245711,0.040771524,1,Guillermo Garcia Lopez,Gilles Muller,29/05/2017,G,3,1.4,2.95,1.35,2.75,1.44,3.22,1.4,3.22,1.46,2.97,1.45
-5,2.74880219,-74,1488,0.073810729,-0.085692405,-0.002044148,0.03169701,-0.05972974,-0.018739358,-0.037860489,0.000191536,0.056183237,0.046012427,0.055390449,0.013696967,0.016549078,0.009946066,0.073810729,-0.085692405,-0.002044148,0.03169701,-0.05972974,-0.018739358,-0.037860489,0.000191536,0.056183237,0.046012427,0.055390449,0.013696967,0.016549078,0.009946066,0.035181974,-0.013717313,0.036651092,0.035181974,-0.013717313,0.036651092,1,Albert Ramos,Marius Copil,29/05/2017,G,1.2,4.5,1.18,4.3,1.2,4.5,1.22,4.85,1.23,4.85,1.21,4.41
,-0.32580424,200,-584,0.527102103,,,,,,,,,,,,,,0.527102103,,,,,,,,,,,,,,,,,,,,1,Benjamin Bonzi,Daniil Medvedev,29/05/2017,G,2.75,1.44,2.65,1.42,2.75,1.44,2.95,1.46,2.95,1.48,2.76,1.44
,-2.20670773,-62,199,-0.127952978,-0.070799886,-0.025058835,0.032180977,-0.096709753,0.004896948,-0.053611913,-0.07535113,0.117638695,0.015581215,0.029449602,-0.003452093,0.007554775,-0.014692453,-0.142806176,-0.071111543,-0.024913886,0.034414317,-0.098423357,0.002834982,-0.055172793,-0.072658896,0.120206542,0.013598526,0.026839054,-0.002476109,0.006924856,-0.016235005,-0.012851168,-0.081128538,0.03434655,-0.016893957,-0.084824831,0.029674036,1,Taro Daniel,Jerzy Janowicz,29/05/2017,G,1.72,2.1,1.62,2.15,1.67,2.2,1.69,2.3,1.77,2.31,1.68,2.17
-2,-7.76728268,-23,1078,0.072610013,-0.006168357,0.00087678,0.006088524,0.006624152,0.01598278,0.011245389,-0.026694078,-0.008638242,0.009916371,0.031127585,-0.005379065,0.005672368,0.015332355,0.072610013,-0.006168357,0.00087678,0.006088524,0.006624152,0.01598278,0.011245389,-0.026694078,-0.008638242,0.009916371,0.031127585,-0.005379065,0.005672368,0.015332355,0.034503132,0.016540523,0.047110365,0.034503132,0.016540523,0.047110365,1,Pablo Carreno Busta,Florian Mayer,29/05/2017,G,1.08,8,1.06,7.25,1.1,7,1.09,9.35,1.17,9.35,1.08,7.84
3,-10.99520876,-101,2410,0.280863828,0.033843907,-0.017763184,0.105561216,0.050702398,0.058581893,0.077921838,0.071909092,-0.138610748,0.014916202,-0.014311473,-0.015181194,0.001230097,0.037503387,0.280863828,0.033843907,-0.017763184,0.105561216,0.050702398,0.058581893,0.077921838,0.071909092,-0.138610748,0.014916202,-0.014311473,-0.015181194,0.001230097,0.037503387,0.062182012,0.0656186,0.04427042,0.062182012,0.0656186,0.04427042,1,Grigor Dimitrov,Stephane Robert,29/05/2017,G,1.01,17,1.01,11.5,1.03,11,1.03,17.65,1.04,17.65,1.03,13.69
,19.45242985,-181,1556,0.53472575,0.191779551,0.027170981,0.059776006,0.178805911,0.054774704,0.145983513,0.215691958,-0.240189426,-0.089146777,-0.051876838,0.046296513,-0.012816105,0.043607121,0.53472575,0.191779551,0.027170981,0.059776006,0.178805911,0.054774704,0.145983513,0.215691958,-0.240189426,-0.089146777,-0.051876838,0.046296513,-0.012816105,0.043607121,0.007075333,0.089659134,0.002897866,0.007075333,0.089659134,0.002897866,1,Ivo Karlovic,Stefanos Tsitsipas,29/05/2017,G,1.66,2.2,1.65,2.1,1.73,2.1,1.75,2.2,1.75,2.33,1.69,2.16
,3.57015743,-28,136,0.410311312,-0.000695059,-0.011262869,-0.025442658,0.034542153,0.160176749,0.077256732,-0.087103725,-0.126521238,0.056095913,0.137021342,0.011232852,0.026320842,0.070048584,0.410311312,-0.000695059,-0.011262869,-0.025442658,0.034542153,0.160176749,0.077256732,-0.087103725,-0.126521238,0.056095913,0.137021342,0.011232852,0.026320842,0.070048584,0.16328786,0.090638066,0.297198092,0.16328786,0.090638066,0.297198092,1,Mikhail Kukushkin,Tennys Sandgren,29/05/2017,G,1.44,2.75,1.42,2.65,1.44,2.75,1.5,2.8,1.5,2.88,1.44,2.74
,6.73511294,36,-105,0.130730922,-0.081312093,-0.01330697,-0.005714219,-0.071470604,0.024274629,-0.034450217,-0.030840053,0.088846834,0.085401814,0.009676495,-0.03492256,0.014099637,0.008545943,0.130730922,-0.081312093,-0.01330697,-0.005714219,-0.071470604,0.024274629,-0.034450217,-0.030840053,0.088846834,0.085401814,0.009676495,-0.03492256,0.014099637,0.008545943,0.031079669,0.013931209,0.033951124,0.031079669,0.013931209,0.033951124,1,Marco Trungelliti,Quentin Halys,29/05/2017,G,2,1.8,2,1.72,2,1.8,2.2,1.75,2.2,1.85,2.05,1.76
-8,-0.8678987,-32,3130,0.139377291,-0.027822518,0.013613936,-0.06393314,0.014445376,0.029574727,0.007147666,-0.022065067,8.14E-05,0.047189711,0.026319387,-0.055763378,0.010093254,0.016984169,0.142925188,-0.027016883,0.0134203,-0.063141103,0.014853423,0.02970015,0.007572043,-0.023021372,6.02E-06,0.047563979,0.026244226,-0.056376501,0.010022624,0.01728668,0.053167985,0.061635086,0.055894114,0.05369432,0.062417403,0.055944376,1,Dominic Thiem,Bernard Tomic,29/05/2017,G,1.01,17,1.01,11.5,1.04,11,1.04,16.3,1.04,17,1.03,13.47
5,8.06023271,219,-662,0.099466775,-0.010810118,-0.013622589,0.035567486,-0.000909742,0.019871532,0.013703275,0.009046314,-0.021763768,0.003644741,0.000975293,-0.036692636,0.002065961,0.007740037,0.103527558,-0.010557874,-0.013745725,0.035237008,-0.0002202,0.021062247,0.014536852,0.010604082,-0.023039069,0.004593235,0.001286187,-0.036772277,0.002136479,0.008279321,0.013872208,0.002734999,0.020846824,0.015324668,0.004373035,0.022348435,1,Tommy Robredo,Daniel Evans,29/05/2017,G,1.61,2.3,1.57,2.25,1.57,2.38,1.65,2.4,1.69,2.4,1.63,2.27
0,-12.1779603,-81,1766,0.128105717,-0.001475376,0.000722636,-0.094480138,0.025409977,0.024450114,0.00540456,0.023252913,-0.014663717,0.001436388,0.012327712,-0.010517055,0.001898293,0.006535181,0.142000465,-0.000305795,0.001152632,-0.09288585,0.025672886,0.023737662,0.005480712,0.031495147,-0.015623947,0.002498566,0.012000989,-0.011253768,0.002168238,0.007159057,0.012868025,0.026846365,0.036777826,0.013388328,0.028171452,0.03573865,1,Lucas Pouille,Julien Benneteau,29/05/2017,G,1.08,8,1.06,7.25,1.08,7.5,1.08,9.87,1.08,10.1,1.07,8.53
8,2.49965777,-20,158,0.019796561,0.024169976,0.020094879,-0.071882944,0.015289224,-0.008244741,-0.006173306,-0.040021204,0.02389602,0.018705146,0.029976134,-0.003862603,0.003291372,0.005046677,0.019796561,0.024169976,0.020094879,-0.071882944,0.015289224,-0.008244741,-0.006173306,-0.040021204,0.02389602,0.018705146,0.029976134,-0.003862603,0.003291372,0.005046677,0.02595575,0.033994371,0.021731393,0.02595575,0.033994371,0.021731393,1,Thomaz Bellucci,Dusan Lajovic,29/05/2017,G,1.53,2.5,1.5,2.4,1.5,2.63,1.56,2.6,1.56,2.65,1.52,2.53
,11.86858317,-194,724,-0.035706716,0.028966634,-0.016179216,-0.004529297,0.046626892,0.025963686,0.037449201,0.033323291,-0.072055312,0.002983591,-0.02975579,-0.001753247,0.007772333,0.015521516,-0.035706716,0.028966634,-0.016179216,-0.004529297,0.046626892,0.025963686,0.037449201,0.033323291,-0.072055312,0.002983591,-0.02975579,-0.001753247,0.007772333,0.015521516,0.013100718,0.049610483,-0.003792104,0.013100718,0.049610483,-0.003792104,1,Robin Haase,Alex De Minaur,29/05/2017,G,1.14,5.5,1.13,5.2,1.17,5,1.16,6.05,1.18,6.95,1.15,5.46
-2,2.80355921,10,-100,0.02634059,0.011996343,-0.006056861,-0.019049124,0.023337237,-0.014034643,0.00330648,-0.065617738,0.007033957,0.009625083,0.018007381,-0.006253207,0.002998871,0.004632872,0.02634059,0.011996343,-0.006056861,-0.019049124,0.023337237,-0.014034643,0.00330648,-0.065617738,0.007033957,0.009625083,0.018007381,-0.006253207,0.002998871,0.004632872,0.019808112,0.032962321,0.003972739,0.019808112,0.032962321,0.003972739,1,Aljaz Bedene,Ryan Harrison,29/05/2017,G,1.25,4,1.21,3.95,1.25,4,1.25,4.46,1.25,4.46,1.23,4.08
13,-2.39835728,63,-370,-0.031330829,0.015358642,-0.010833906,0.014571479,0.003391383,-0.01477924,-0.000752673,0.007038946,-0.01261213,0.014250067,-0.037455748,-0.046202006,-0.001420326,-0.002950271,-0.031330829,0.015358642,-0.010833906,0.014571479,0.003391383,-0.01477924,-0.000752673,0.007038946,-0.01261213,0.014250067,-0.037455748,-0.046202006,-0.001420326,-0.002950271,-0.015174766,0.017641451,-0.052234988,-0.015174766,0.017641451,-0.052234988,1,Sergiy Stakhovsky,Yen Hsun Lu,29/05/2017,G,1.5,2.62,1.45,2.55,1.44,2.75,1.43,3.05,1.52,3.07,1.46,2.7
18,-6.78986995,-32,3434,0.170087604,0.127736225,0.013506191,0.014936272,0.121562893,0.032805524,0.090844516,0.130612655,-0.157437613,-0.022816358,-0.035545596,-0.017618751,-0.009696822,0.026376031,0.170087604,0.127736225,0.013506191,0.014936272,0.121562893,0.032805524,0.090844516,0.130612655,-0.157437613,-0.022816358,-0.035545596,-0.017618751,-0.009696822,0.026376031,0.031028757,0.098746534,-0.002740072,0.031028757,0.098746534,-0.002740072,1,Milos Raonic,Steve Darcis,29/05/2017,G,1.08,8,1.07,7,1.08,7.5,1.1,8.67,1.1,8.75,1.08,7.7
,5.17727584,-77,522,0.120334954,-0.025089023,-0.003638084,0.005992348,-0.055507588,-0.00331437,-0.034254242,-0.036163022,0.063372548,0.082648328,0.052417373,-0.022431617,0.023338036,0.020443181,0.120334954,-0.025089023,-0.003638084,0.005992348,-0.055507588,-0.00331437,-0.034254242,-0.036163022,0.063372548,0.082648328,0.052417373,-0.022431617,0.023338036,0.020443181,0.05243334,0.02714074,0.049103003,0.05243334,0.02714074,0.049103003,1,Diego Sebastian Schwartzman,Andrey Rublev,29/05/2017,G,1.12,6,1.1,5.9,1.14,5.5,1.13,7.05,1.14,7.1,1.12,6.2
2,-7.15674196,31,-389,-0.102189353,-0.013688844,0.01434598,0.078913924,-0.023728551,-0.033929287,-0.014114751,-0.014294286,0.025424741,-0.016971028,-0.017158352,0.029555097,-0.004148848,-0.013804158,-0.108946587,-0.01363418,0.01430743,0.078240715,-0.024533964,-0.034253717,-0.014881505,-0.017918653,0.028122626,-0.016945564,-0.018037584,0.028693615,-0.004267791,-0.014486526,-0.032364805,-0.040699579,-0.051087638,-0.033502482,-0.041479528,-0.052291301,1,Nikoloz Basilashvili,Gilles Simon,29/05/2017,G,2.75,1.44,2.65,1.42,3,1.4,2.95,1.46,3.08,1.5,2.79,1.43
8,4.24093087,-64,581,0.207843218,0.038634117,-0.000946821,0.033588761,0.024410587,-0.028975788,0.010138366,-0.016516901,-0.003487844,0.048921201,0.032536782,-0.024249951,0.011839117,0.023231456,0.222049638,0.038998892,-0.00121832,0.03305364,0.02649274,-0.02439758,0.013217713,-0.015621809,-0.010884896,0.052293722,0.033553859,-0.025010534,0.012523569,0.026110537,0.058245326,0.073331788,0.003560994,0.063231108,0.078786462,0.009156279,1,Viktor Troicki,Evgeny Donskoy,29/05/2017,G,1.16,5,1.17,4.4,1.2,4.5,1.21,5,1.21,5.05,1.19,4.68
0,1.16632443,-124,1739,0.198204639,-0.010617779,0.002464876,0.030355903,0.018967805,-0.010564257,0.013088788,0.089831928,-0.030306149,0.038235487,0.024967606,-0.022351509,0.004014145,0.021785044,0.218027052,-0.010367208,0.002022979,0.03192358,0.019169158,-0.001496167,0.016703037,0.087737805,-0.035904004,0.036141284,0.028065342,-0.020032294,0.004150996,0.023159385,0.050502977,0.057203292,0.014403349,0.053929914,0.055310442,0.026569175,1,Roberto Bautista Agut,John Millman,29/05/2017,G,1.04,13,1.03,9,1.04,11,1.04,15.92,1.05,16.5,1.03,12.04
,-0.79123887,42,-1575,-0.123803609,0.003176153,-0.010810602,0.066637286,-0.029760295,-0.011448901,-0.00924778,-0.004922205,0.025960775,-0.00228629,-0.009610786,-0.005865065,-0.000863653,-0.004401272,-0.143221015,0.005106038,-0.010462563,0.066504857,-0.029006545,-0.016360117,-0.010623425,-0.003694122,0.02663599,-0.002264687,-0.01393842,-0.007718495,-0.001124815,-0.005880156,-0.014770372,-0.032046585,-0.021059687,-0.0186171,-0.031271232,-0.030298537,1,Jiri Vesely,Jack Sock,29/05/2017,G,3,1.4,2.95,1.35,3.25,1.36,3.44,1.36,3.44,1.41,3.14,1.36
15,-1.26488706,-52,891,0.130944593,0.066503715,0.005436558,-0.028527545,0.097841781,0.056176212,0.07585399,0.047173273,-0.128627025,-0.016501956,-0.025339539,0.003982512,-0.005273489,0.025374054,0.139465838,0.066389951,0.005779059,-0.027483262,0.098997882,0.054023987,0.075956836,0.050987508,-0.130155249,-0.015187049,-0.024952897,0.003779843,-0.004712421,0.026230997,0.029494884,0.081339825,0.030836673,0.030574137,0.083810833,0.029071091,1,Steve Johnson,Yuichi Sugita,29/05/2017,G,1.22,4.33,1.18,4.3,1.17,5,1.21,5,1.23,5,1.2,4.5
5,-4.76933607,1,-10,-0.057459019,-0.040951384,-0.00574749,0.059920266,-0.045709663,-0.027838452,-0.025738501,-0.03758359,0.055367351,0.024634735,-0.006109259,-0.008467212,0.002693262,-0.007364092,-0.057459019,-0.040951384,-0.00574749,0.059920266,-0.045709663,-0.027838452,-0.025738501,-0.03758359,0.055367351,0.024634735,-0.006109259,-0.008467212,0.002693262,-0.007364092,-0.008494477,-0.021074928,-0.033947712,-0.008494477,-0.021074928,-0.033947712,1,Joao Sousa,Janko Tipsarevic,29/05/2017,G,1.9,1.9,1.85,1.85,1.91,1.91,1.93,1.97,1.95,1.97,1.89,1.9
-2,-1.10882957,-75,6770,0.42958628,0.014979897,-0.000992057,0.034978233,0.05356835,0.070536679,0.065971441,0.086378215,-0.125595949,0.034246096,0.072975163,0.017442832,0.013929683,0.054894097,0.432124987,0.015127314,-0.00109799,0.035522952,0.054192537,0.071640268,0.066877512,0.087342422,-0.127454998,0.034913374,0.073772307,0.017208709,0.014158936,0.055716773,0.124900709,0.087814445,0.143511842,0.126570247,0.08910591,0.145412574,1,Novak Djokovic,Marcel Granollers,29/05/2017,G,1.01,21,1.01,11.5,1.02,15,1.02,22.73,1.02,26.86,1.01,17.56
,-7.63586585,156,-1018,-0.410131608,-0.001135115,-0.026374748,-0.027305908,-0.022765002,-0.016237001,-0.025506433,-0.130944029,-0.027250634,-0.130878433,-0.044714738,0.032959148,-0.031261726,-0.049314548,-0.410131608,-0.001135115,-0.026374748,-0.027305908,-0.022765002,-0.016237001,-0.025506433,-0.130944029,-0.027250634,-0.130878433,-0.044714738,0.032959148,-0.031261726,-0.049314548,-0.124369195,-0.153643435,-0.060951739,-0.124369195,-0.153643435,-0.060951739,1,Stefano Napolitano,Mischa Zverev,29/05/2017,G,3.5,1.3,3.2,1.3,3,1.4,3.35,1.38,3.55,1.4,3.29,1.33
-5,-1.60985626,-7,49,-0.204058347,-0.001111722,0.006418259,-0.01717704,-0.033351598,-0.029837712,-0.034915263,-0.078982533,0.098938636,0.002039867,-0.040295293,-0.018848789,-0.007917164,-0.027923867,-0.204058347,-0.001111722,0.006418259,-0.01717704,-0.033351598,-0.029837712,-0.034915263,-0.078982533,0.098938636,0.002039867,-0.040295293,-0.018848789,-0.007917164,-0.027923867,-0.050473298,-0.031311731,-0.070133005,-0.050473298,-0.031311731,-0.070133005,1,Rogerio Dutra Silva,Mikhail Youzhny,29/05/2017,G,1.66,2.2,1.65,2.1,1.67,2.2,1.74,2.22,1.74,2.3,1.68,2.17
-22,-8.90075291,-108,2584,0.180661245,0.008884916,-0.000455788,0.017472359,0.006265407,0.007508308,0.01030432,0.001940754,-0.004599951,0.046667468,0.04248845,-0.038065753,0.011858055,0.022356877,0.180661245,0.008884916,-0.000455788,0.017472359,0.006265407,0.007508308,0.01030432,0.001940754,-0.004599951,0.046667468,0.04248845,-0.038065753,0.011858055,0.022356877,0.063886617,0.052932875,0.049996759,0.063886617,0.052932875,0.049996759,1,David Goffin,Paul Henri Mathieu,29/05/2017,G,1.07,9,1.05,7.75,1.08,7.5,1.08,10.44,1.08,10.5,1.06,8.97
-11,2.92950034,-41,4425,0.351355214,-0.05399886,-0.030419748,0.183911327,-0.01674111,0.097314547,0.067079573,0.057604061,-0.114672277,0.030614779,0.061802069,0.024120511,0.014624454,0.05140475,0.355201804,-0.053996534,-0.030473149,0.184169843,-0.016710938,0.09788499,0.067422313,0.05754324,-0.11498976,0.030862328,0.062511953,0.024232708,0.014716675,0.051820281,0.116715011,0.013873669,0.159116616,0.11758024,0.01415139,0.160396943,1,Rafael Nadal,Benoit Paire,29/05/2017,G,1.01,21,1.01,11.5,1.02,15,1.02,22.73,1.02,26.86,1.02,17.1
-7,-3.71252566,422,-857,0.003384908,-0.027742291,-0.016016855,0.050034119,-0.02216288,0.03041967,0.006566215,-0.010815487,-0.001996405,-0.001978453,0.000727358,0.009686865,-0.002266313,0.000895469,0.003384908,-0.027742291,-0.016016855,0.050034119,-0.02216288,0.03041967,0.006566215,-0.010815487,-0.001996405,-0.001978453,0.000727358,0.009686865,-0.002266313,0.000895469,0.003992925,-0.024141332,0.031147028,0.003992925,-0.024141332,0.031147028,1,Simone Bolelli,Nicolas Mahut,29/05/2017,G,1.8,2,1.72,2,1.8,2,1.75,2.2,1.83,2.2,1.78,2.02
,-2.82272417,-116,653,0.136012922,0.034066563,-0.00129261,-0.052264959,0.050405039,0.085846088,0.053066159,0.151821885,-0.133116938,-0.083093338,-0.021287934,0.031259514,-0.005018469,0.002613492,0.136012922,0.034066563,-0.00129261,-0.052264959,0.050405039,0.085846088,0.053066159,0.151821885,-0.133116938,-0.083093338,-0.021287934,0.031259514,-0.005018469,0.002613492,-0.019533303,-0.0326883,0.064558154,-0.019533303,-0.0326883,0.064558154,1,Borna Coric,Mathias Bourgue,29/05/2017,G,1.1,7,1.09,6.25,1.13,6,1.13,7.05,1.13,7.45,1.11,6.7
2,3.76454483,-24,134,-0.000554415,0.015951401,0.011232971,-0.062325936,0.016745557,0.003549755,-0.000559404,-0.01250804,0.009659251,0.000107859,0.004802257,0.001911563,0.000211585,-0.000553282,0.006230091,0.016217526,0.011193571,-0.062708961,0.017740038,0.004681388,0.000441102,-0.013350059,0.007479818,0.001083414,0.006011851,0.001482345,0.000451523,0.000309896,0.002599641,0.016853416,0.008352013,0.004738057,0.018823452,0.010693239,1,Andreas Seppi,Santiago Giraldo,29/05/2017,G,1.66,2.2,1.65,2.1,1.73,2.1,1.77,2.18,1.77,2.2,1.71,2.12
0,5.61259411,-10,26,-0.310415759,0.041144165,-0.008155687,0.021877432,0.016888558,-0.04665358,-0.003080727,0.042719325,0.017173722,-0.038440702,-0.053312567,0.034065109,-0.011468796,-0.024316852,-0.310415759,0.041144165,-0.008155687,0.021877432,0.016888558,-0.04665358,-0.003080727,0.042719325,0.017173722,-0.038440702,-0.053312567,0.034065109,-0.011468796,-0.024316852,-0.060133679,-0.021552144,-0.099966147,-0.060133679,-0.021552144,-0.099966147,1,Konstantin Kravchuk,Federico Delbonis,29/05/2017,G,6.5,1.11,5.4,1.12,6,1.13,6.2,1.16,6.6,1.16,5.97,1.13
8,-0.07939767,-222,3535,0.128281277,-0.000727274,-0.021168909,-0.034259809,0.016131735,0.039823018,0.017465513,0.008424959,-0.033720497,0.015706812,0.021016952,0.00332773,0.002365937,0.015544023,0.130609008,-0.00107027,-0.020788067,-0.03424492,0.015685057,0.040166147,0.017337331,0.008277149,-0.033587676,0.015702238,0.020735026,0.003212178,0.00231239,0.015326078,0.037817994,0.031838546,0.06083997,0.037519773,0.031387294,0.060901173,1,Marin Cilic,Ernests Gulbis,29/05/2017,G,1.06,10,1.04,8.5,1.08,7.5,1.06,12.02,1.08,12.02,1.06,9.26
-8,7.30732375,-18,275,0.258695352,-0.00703713,-0.015420663,0.033030712,0.017217203,0.034264923,0.029699257,0.023647721,-0.057372505,0.052265886,0.058685773,-0.031964262,0.014842613,0.038645546,0.260563899,-0.006929409,-0.015304953,0.03272284,0.017635801,0.034422237,0.029957339,0.024771072,-0.05828887,0.052285571,0.058581618,-0.031777661,0.014906285,0.038825556,0.093470511,0.06948309,0.092950696,0.09362084,0.069921371,0.093003855,1,David Ferrer,Donald Young,29/05/2017,G,1.14,5.5,1.13,5.2,1.14,5.5,1.16,6.16,1.16,6.62,1.13,5.82
-15,4.80492814,-56,194,0.149443726,-0.00445918,-0.021015426,0.071282559,-0.019154738,0.026126357,0.011508463,-0.009895133,-0.017450039,-0.029423187,-0.012550933,0.007824062,-0.001933798,-0.003195764,0.149443726,-0.00445918,-0.021015426,0.071282559,-0.019154738,0.026126357,0.011508463,-0.009895133,-0.017450039,-0.029423187,-0.012550933,0.007824062,-0.001933798,-0.003195764,-0.017073194,-0.048577924,0.013575424,-0.017073194,-0.048577924,0.013575424,1,Victor Estrella,Teymuraz Gabashvili,29/05/2017,G,2.62,1.5,2.5,1.47,2.75,1.44,2.73,1.52,2.75,1.57,2.57,1.5
,9.43189596,-264,1684,0.600352904,0.054495711,0.020543827,-0.052931143,0.106155953,0.067539313,0.082809492,0.023237224,-0.206168831,0.019157002,0.086760149,-0.04720748,0.013534766,0.062143798,0.600352904,0.054495711,0.020543827,-0.052931143,0.106155953,0.067539313,0.082809492,0.023237224,-0.206168831,0.019157002,0.086760149,-0.04720748,0.013534766,0.062143798,0.125565698,0.125312955,0.154299462,0.125565698,0.125312955,0.154299462,1,Pablo Cuevas,Maxime Hamou,29/05/2017,G,1.06,10,1.04,8.5,1.07,8,1.07,11,1.09,11,1.06,9.17
,11.8275154,-102,690,0.136247012,0.066671425,-0.000218506,-0.009456422,0.093822843,0.002840443,0.054981326,0.075752812,-0.096483254,0.007362632,-0.062500095,0.020689524,-0.009324111,0.012981018,0.166740036,0.068146261,0.000223928,-0.000520974,0.0914957,0.002947363,0.054890609,0.077159869,-0.097914947,0.011171877,-0.055021725,0.011980575,-0.008203716,0.014650205,0.006547847,0.101185475,-0.059659652,0.013308095,0.102667577,-0.052074361,1,Feliciano Lopez,Bjorn Fratangelo,29/05/2017,G,1.5,2.62,1.47,2.5,1.5,2.63,1.51,2.76,1.57,2.78,1.51,2.58
,-0.24093086,-9,59,-0.010181265,0.01021979,0.008415248,-0.065425761,0.038282634,0.027892633,0.025693351,0.038215822,-0.049831797,-0.072956114,0.034319737,0.028776819,-0.007525781,-0.001081689,-0.010181265,0.01021979,0.008415248,-0.065425761,0.038282634,0.027892633,0.025693351,0.038215822,-0.049831797,-0.072956114,0.034319737,0.028776819,-0.007525781,-0.001081689,-0.002671448,-0.03467348,0.06221237,-0.002671448,-0.03467348,0.06221237,1,Nicolas Kicker,Damir Dzumhur,29/05/2017,G,2.62,1.5,2.55,1.45,2.75,1.44,2.84,1.49,2.84,1.61,2.62,1.49
,10.66119097,-39,581,0.394954059,-0.038399596,0.015467392,-0.024756128,-0.011669325,-0.01672986,-0.018312938,0.013213678,0.023349008,0.076340916,0.036557481,-0.058542408,0.017640914,0.021078128,0.394954059,-0.038399596,0.015467392,-0.024756128,-0.011669325,-0.01672986,-0.018312938,0.013213678,0.023349008,0.076340916,0.036557481,-0.058542408,0.017640914,0.021078128,0.054365826,0.064671592,0.019827621,0.054365826,0.064671592,0.019827621,1,Fabio Fognini,Francis Tiafoe,29/05/2017,G,1.3,3.5,1.32,3.1,1.36,3.25,1.4,3.25,1.42,3.5,1.35,3.2
,5.77412731,-102,1153,0.213810715,0.020485774,-0.006525067,0.015932143,0.064523396,0.007632585,0.044888505,0.046990827,-0.043345529,0.024828244,0.138442064,0.010176474,0.020904014,0.051217926,0.213810715,0.020485774,-0.006525067,0.015932143,0.064523396,0.007632585,0.044888505,0.046990827,-0.043345529,0.024828244,0.138442064,0.010176474,0.020904014,0.051217926,0.136838655,0.089351641,0.146074649,0.136838655,0.089351641,0.146074649,1,Richard Gasquet,Arthur De Greef,29/05/2017,G,1.11,6.5,1.09,6.25,1.13,6,1.11,8.02,1.13,8.14,1.1,6.99
,5.5633128,10,-69,0.005151459,0.049473691,0.001857953,0.048528971,0.043107745,0.014818144,0.041880959,0.072470243,-0.082963213,-0.02632075,-0.065693527,-0.008006122,-0.013223579,-0.002729947,0.005151459,0.049473691,0.001857953,0.048528971,0.043107745,0.014818144,0.041880959,0.072470243,-0.082963213,-0.02632075,-0.065693527,-0.008006122,-0.013223579,-0.002729947,-0.02821716,0.016786995,-0.050875384,-0.02821716,0.016786995,-0.050875384,1,Pierre Hugues Herbert,Jared Donaldson,29/05/2017,G,1.72,2.1,1.65,2.1,1.67,2.2,1.72,2.25,1.73,2.28,1.68,2.19
,9.82340862,5,-16,0.032070903,-0.003956437,-0.009187536,0.097899117,-0.034182791,-0.05121012,-0.02198512,-0.108046393,0.045430971,0.036063859,0.019095726,-0.052255173,0.008335064,0.001646903,0.032070903,-0.003956437,-0.009187536,0.097899117,-0.034182791,-0.05121012,-0.02198512,-0.108046393,0.045430971,0.036063859,0.019095726,-0.052255173,0.008335064,0.001646903,0.019738913,0.001881068,-0.032114394,0.019738913,0.001881068,-0.032114394,1,Denis Istomin,Ernesto Escobedo,29/05/2017,G,2,1.8,1.9,1.8,1.91,1.91,1.99,1.92,2,1.92,1.95,1.84
15,-11.52908967,-24,1165,0.079403094,0.083617787,0.01288363,0.048692588,0.036660703,-0.002635931,0.032121864,0.053759656,-0.059154899,-0.044771401,-0.026875325,0.02713846,-0.008415744,0.001136918,0.079403094,0.083617787,0.01288363,0.048692588,0.036660703,-0.002635931,0.032121864,0.053759656,-0.059154899,-0.044771401,-0.026875325,0.02713846,-0.008415744,0.001136918,-0.023245839,-0.008110698,-0.029511256,-0.023245839,-0.008110698,-0.029511256,1,Nick Kyrgios,Philipp Kohlschreiber,29/05/2017,G,1.53,2.5,1.5,2.4,1.5,2.63,1.56,2.62,1.56,2.75,1.51,2.53
,5.27036277,-235,742,0.528056752,-0.032915931,-0.004858857,0.013786974,0.00286879,0.01592141,0.011111095,0.079659695,-0.036307442,0.021598742,0.114416995,0.034940047,0.01832332,0.030454326,0.528056752,-0.032915931,-0.004858857,0.013786974,0.00286879,0.01592141,0.011111095,0.079659695,-0.036307442,0.021598742,0.114416995,0.034940047,0.01832332,0.030454326,0.090380112,0.024467532,0.130338406,0.090380112,0.024467532,0.130338406,1,Martin Klizan,Laurent Lokoli,29/05/2017,G,1.22,4.33,1.22,3.85,1.25,4,1.27,4.22,1.28,4.7,1.24,4.09
13,1.64544833,-85,836,0.267595923,0.039315206,0.000867856,-0.020387236,0.05486544,0.019790314,0.03845607,-0.045963837,-0.061289196,0.017556567,0.007555018,0.01790764,0.007113334,0.023920436,0.272650074,0.039338747,0.000560799,-0.02013935,0.056165514,0.019284794,0.039188031,-0.045209409,-0.062530501,0.019129891,0.007335661,0.017583487,0.007306446,0.024631323,0.046843221,0.072422007,0.027345332,0.04828792,0.075295406,0.026620454,1,Juan Martin Del Potro,Guido Pella,29/05/2017,G,1.25,4,1.27,3.45,1.29,3.75,1.34,3.56,1.34,4,1.29,3.62
-3,-5.76043806,25,-190,0.049666133,0.057222955,0.003926191,-0.107808599,0.085448997,0.021950987,0.038677429,0.018310974,-0.079364939,-0.031189411,-0.019732852,0.03765752,-0.007979882,0.004500108,0.05617424,0.056959827,0.003946621,-0.108350514,0.085957537,0.023331091,0.039394428,0.018857694,-0.080172145,-0.029437703,-0.01785102,0.036880475,-0.007694965,0.005343357,-5.51E-05,0.054259586,0.002218135,0.00276117,0.056519833,0.005480071,1,Alexandr Dolgopolov,Carlos Berlocq,29/05/2017,G,2.1,1.72,2.15,1.62,2.2,1.67,2.27,1.71,2.32,1.72,2.22,1.65
,-8.61601642,39,-714,-0.008745888,-0.108298783,-0.007802021,0.058842923,-0.086198305,-0.000137467,-0.039302745,-0.075603809,0.067621141,0.033271533,0.073426822,0.00076597,0.012312808,0.000753238,-0.008745888,-0.108298783,-0.007802021,0.058842923,-0.086198305,-0.000137467,-0.039302745,-0.075603809,0.067621141,0.033271533,0.073426822,0.00076597,0.012312808,0.000753238,0.038552752,-0.052926772,0.073289355,0.038552752,-0.052926772,0.073289355,1,Hyeon Chung,Sam Querrey,29/05/2017,G,2.1,1.72,1.95,1.75,2,1.8,2.02,1.88,2.18,1.88,2.04,1.77
,7.60574949,-149,5319,0.397553972,0.040392191,-0.000135046,-0.039775007,0.087105846,0.040122889,0.061648465,0.063331445,-0.110878664,0.020461557,-0.018670719,-0.021489673,0.003336106,0.032118134,0.397553972,0.040392191,-0.000135046,-0.039775007,0.087105846,0.040122889,0.061648465,0.063331445,-0.110878664,0.020461557,-0.018670719,-0.021489673,0.003336106,0.032118134,0.050523784,0.107567403,0.02145217,0.050523784,0.107567403,0.02145217,1,Stanislas Wawrinka,Jozef Kovalik,29/05/2017,G,1.07,9,1.03,9,1.05,10,1.05,13.9,1.08,13.9,1.04,10.68
18,-2.32443532,-15,104,0.131449332,0.091221372,0.002165671,0.105376352,0.04543748,0.028970014,0.062467877,0.048189578,-0.095865651,-0.007791569,-0.015609816,-0.016949969,-0.005692906,0.021160651,0.135145702,0.09192496,0.00213818,0.10419485,0.046270576,0.029305515,0.062726425,0.048540867,-0.095371302,-0.005194224,-0.012728064,-0.019667681,-0.005080761,0.022448562,0.031629828,0.037645911,0.013360199,0.035177039,0.041076352,0.016577451,1,Kevin Anderson,Malek Jaziri,29/05/2017,G,1.12,6,1.12,5.4,1.14,5.5,1.15,6.35,1.15,6.5,1.13,5.91
0,-0.17796031,7,-70,0.083866379,0.020809791,-0.006881619,0.036824825,0.013127384,0.005449212,0.018002558,-0.005299499,-0.025882472,0.012271569,0.001398512,-0.007071972,0.001659757,0.011484007,0.082797369,0.020093737,-0.006609891,0.036435892,0.012677021,0.005209105,0.017556229,-0.005697027,-0.025610724,0.011829783,0.001133115,-0.00651884,0.001623738,0.011067882,0.023066003,0.025398953,0.006847724,0.022254699,0.024506804,0.006342219,1,Nicolas Almagro,Marcos Baghdatis,29/05/2017,G,1.44,2.75,1.38,2.8,1.44,2.75,1.45,3,1.48,3.1,1.43,2.83
-10,13.42915811,27,-2065,-0.079660471,-0.015601426,0.000681527,0.054163359,-0.008492128,-0.007606972,0.002356357,0.014881096,0.001919771,0.017576222,0.00299182,0.001460402,-0.000767289,0.002962322,-0.084312619,-0.015901695,0.000221816,0.053169121,-0.007770183,-0.008983951,0.002153083,0.016235689,0.00261982,0.017877981,0.0012445,0.00174981,-0.000889138,0.002615921,0.01509033,0.009084094,-0.004615151,0.013997052,0.010107798,-0.00773945,1,Fernando Verdasco,Alexander Zverev,29/05/2017,G,5,1.16,4.6,1.16,5,1.17,5.23,1.2,5.38,1.2,4.92,1.17
,-0.61054073,-154,634,0.128155475,-0.013431054,0.001615053,-0.066170285,0.023839503,-0.002727451,-0.00055942,-0.001557962,-0.018975825,0.042309458,0.044395722,0.012798245,0.01099927,0.019118288,0.128155475,-0.013431054,0.001615053,-0.066170285,0.023839503,-0.002727451,-0.00055942,-0.001557962,-0.018975825,0.042309458,0.044395722,0.012798245,0.01099927,0.019118288,0.054439987,0.066148961,0.041668271,0.054439987,0.066148961,0.041668271,1,Karen Khachanov,Nicolas Jarry,29/05/2017,G,1.28,3.75,1.19,4.2,1.25,4,1.29,4.05,1.29,5,1.22,4.27
,6.2806297,,,0.381313776,-0.062108359,-0.01399428,0.025582219,-0.026080229,0.043328237,0.007088279,0.023098026,-0.030475988,0.066763013,0.05240792,-0.017060519,0.020197785,0.036591324,0.381313776,-0.062108359,-0.01399428,0.025582219,-0.026080229,0.043328237,0.007088279,0.023098026,-0.030475988,0.066763013,0.05240792,-0.017060519,0.020197785,0.036591324,0.082131164,0.040682784,0.095736157,0.082131164,0.040682784,0.095736157,1,Kei Nishikori,Thanasi Kokkinakis,29/05/2017,G,1.02,17,1.01,11.5,1.03,11,1.03,17.65,1.03,18.5,1.02,14.08
,2.74606434,-14,92,0.183401644,0.070622836,0.019475229,-0.058883892,0.114048404,0.035870615,0.073198061,0.078289565,-0.144377537,0.004208259,0.011070759,-0.000981065,-0.003083497,0.030773997,0.191974861,0.069657353,0.01885101,-0.055780841,0.114188565,0.036132165,0.073877345,0.074807135,-0.143730834,0.00604727,0.010250943,-0.001512819,-0.002567468,0.031476708,0.065947257,0.118256663,0.046941374,0.067098125,0.120235834,0.046383108,1,Jeremy Chardy,Radu Albot,29/05/2017,G,1.14,5.5,1.13,5.2,1.17,5,1.17,6.02,1.17,6.02,1.14,5.5
5,3.77549624,-72,9665,0.324937053,0.024442125,-0.005561952,0.022072002,0.029803318,0.01789203,0.029640482,0.03146093,-0.055509433,0.043983086,0.054048873,-0.016888521,0.014963305,0.036897705,0.331378546,0.024772951,-0.005273337,0.0222431,0.031746579,0.019635703,0.031535435,0.033483916,-0.059825915,0.04483996,0.054202348,-0.016829209,0.015065031,0.038132102,0.087493405,0.073786404,0.071940904,0.089638526,0.076586539,0.073838051,1,Andy Murray,Andrey Kuznetsov,29/05/2017,G,1.16,5,1.15,4.75,1.17,5,1.18,5.55,1.18,5.8,1.16,5.09
8,8.51471595,-154,863,0.020442092,0.000454069,-0.011325393,0.018872267,-0.013524998,-0.016098106,-0.01104975,-0.03099827,0.023068811,0.033057907,-0.004605484,-0.029003087,0.004720447,0.001848,0.020442092,0.000454069,-0.011325393,0.018872267,-0.013524998,-0.016098106,-0.01104975,-0.03099827,0.023068811,0.033057907,-0.004605484,-0.029003087,0.004720447,0.001848,0.008993491,0.019532909,-0.020703591,0.008993491,0.019532909,-0.020703591,1,Paolo Lorenzi,Ricardas Berankis,29/05/2017,G,1.3,3.5,1.28,3.35,1.3,3.5,1.32,3.74,1.32,3.74,1.3,3.5
-3,-1.7303217,-60,1680,0.259925024,0.010883629,-0.011299199,0.020749945,0.000568833,0.013144586,0.009963906,-0.002535512,-0.023427313,0.055518065,0.0477785,-0.036672977,0.014727063,0.028205847,0.259925024,0.010883629,-0.011299199,0.020749945,0.000568833,0.013144586,0.009963906,-0.002535512,-0.023427313,0.055518065,0.0477785,-0.036672977,0.014727063,0.028205847,0.073976727,0.056086899,0.060923086,0.073976727,0.056086899,0.060923086,1,Gael Monfils,Dustin Brown,29/05/2017,G,1.08,8,1.07,7,1.08,7.5,1.1,8.67,1.1,8.67,1.08,7.69
,2.67488022,-235,425,-0.580148214,,,,,,,,,,,,,,-0.580148214,,,,,,,,,,,,,,,,,,,,1,Thiago Monteiro,Alexandre Muller,29/05/2017,G,1.08,8,1.09,6.25,1.1,7,1.13,7.05,1.13,8,1.11,6.69
,-4.12320328,-59,421,0.001018853,0.014256622,-0.001255303,0.063730046,0.003741249,0.009949528,0.018690774,0.008795871,-0.030055176,-0.037199842,0.016756335,0.043419777,-0.003328578,0.001708741,0.013957896,0.014551202,-0.001357074,0.063469232,0.004480678,0.013874662,0.020805597,0.011623843,-0.034160629,-0.03614841,0.021176451,0.042727074,-0.00265906,0.003890225,0.001766458,-0.033458592,0.026705863,0.006812633,-0.031667732,0.035051112,1,Kyle Edmund,Gastao Elias,29/05/2017,G,1.3,3.5,1.3,3.2,1.3,3.5,1.34,3.56,1.38,3.56,1.33,3.32
,8.98288844,-70,1428,0.187767899,0.129503603,-0.004353553,0.096600309,0.071875937,0.076824424,0.095387432,0.120954925,-0.148920005,-0.057701523,-0.057542268,0.012200819,-0.016354656,0.015322857,0.187767899,0.129503603,-0.004353553,0.096600309,0.071875937,0.076824424,0.095387432,0.120954925,-0.148920005,-0.057701523,-0.057542268,0.012200819,-0.016354656,0.015322857,-0.010078653,0.014174414,0.019282156,-0.010078653,0.014174414,0.019282156,1,John Isner,Jordan Thompson,29/05/2017,G,1.25,4,1.2,4.1,1.22,4.33,1.2,5.24,1.27,5.24,1.22,4.28
,4.60232717,-33,1942,0.268544442,0.01052783,-0.015788689,0.021592993,0.025163559,0.033794833,0.034238987,0.052472493,-0.063151157,0.008848099,0.034612947,0.003300857,0.006498947,0.024192883,0.268544442,0.01052783,-0.015788689,0.021592993,0.025163559,0.033794833,0.034238987,0.052472493,-0.063151157,0.008848099,0.034612947,0.003300857,0.006498947,0.024192883,0.055405479,0.034011658,0.06840778,0.055405479,0.034011658,0.06840778,1,Tomas Berdych,Jan Lennard Struff,29/05/2017,G,1.2,4.5,1.18,4.3,1.2,4.5,1.24,4.65,1.24,5,1.2,4.54
,-6.91033538,80,-2527,-0.308597197,-0.069461065,0.030612503,-0.036452406,-0.119526061,-0.055712987,-0.101562281,-0.06851718,0.193673309,-5.35E-05,0.007521751,-0.017885232,0.000613765,-0.042577534,-0.308597197,-0.069461065,0.030612503,-0.036452406,-0.119526061,-0.055712987,-0.101562281,-0.06851718,0.193673309,-5.35E-05,0.007521751,-0.017885232,0.000613765,-0.042577534,-0.074209146,-0.119579521,-0.048191236,-0.074209146,-0.119579521,-0.048191236,1,Renzo Olivo,Jo Wilfried Tsonga,29/05/2017,G,15,1.03,11.5,1.01,15,1.02,22.73,1.02,26.86,1.03,16.04,1.02
-30,-4.91718002,-111,2597,0.222813439,-0.010246063,0.010151889,-0.038326157,-0.000407676,0.014649612,-0.002251151,-0.001461089,0.008946522,0.039496639,0.077942694,0.017185587,0.015440021,0.024369494,0.228922307,-0.010499546,0.010006963,-0.037485353,7.87E-05,0.014892989,-0.001699027,-0.00104069,0.007759396,0.039658728,0.077231586,0.017495808,0.01537947,0.024567501,0.071999384,0.039088963,0.092592306,0.072063666,0.03973746,0.092124576,1,David Goffin,Sergiy Stakhovsky,29/05/2017,G,1.04,13,1.02,10,1.05,10,1.04,15.92,1.05,15.92,1.04,12.12
,6.89117044,-14,554,0.016180092,0.034809155,0.008051024,-0.014992617,0.04984336,0.001877184,0.027884396,0.006480652,-0.046906818,-0.019677521,-0.043401467,0.01843096,-0.005478123,0.001572084,0.016180092,0.034809155,0.008051024,-0.014992617,0.04984336,0.001877184,0.027884396,0.006480652,-0.046906818,-0.019677521,-0.043401467,0.01843096,-0.005478123,0.001572084,-0.020155221,0.030165839,-0.041524283,-0.020155221,0.030165839,-0.041524283,1,Steve Johnson,Borna Coric,29/05/2017,G,2.62,1.5,2.4,1.5,2.5,1.53,2.61,1.56,2.63,1.59,2.53,1.52
2,-7.90417523,-463,4067,0.203464543,0.015624364,0.012640947,-0.060408801,0.029882835,7.60E-05,0.007999192,0.034386657,-0.020832041,0.036033396,0.038958997,-0.029423645,0.011775481,0.020750727,0.2108154,0.016094137,0.012740559,-0.061390021,0.029357492,-0.000170348,0.007391366,0.034444884,-0.019846228,0.036092837,0.038865565,-0.029543408,0.011874706,0.020521843,0.054769449,0.065916231,0.039034982,0.054304261,0.065450329,0.038695217,1,Dominic Thiem,Simone Bolelli,29/05/2017,G,1.05,11,1.03,9,1.05,11,1.05,13.9,1.06,14.35,1.04,11.14
,2.65023957,-146,712,0.467497896,-0.038615123,0.033269234,-0.009236965,-0.035201807,0.014986865,-0.017534741,0.037080151,0.120203152,0.181456297,0.12161895,-0.031572905,0.051057961,0.060013182,0.467497896,-0.038615123,0.033269234,-0.009236965,-0.035201807,0.014986865,-0.017534741,0.037080151,0.120203152,0.181456297,0.12161895,-0.031572905,0.051057961,0.060013182,0.165438088,0.14625449,0.136605815,0.165438088,0.14625449,0.136605815,1,Diego Sebastian Schwartzman,Stefano Napolitano,29/05/2017,G,1.12,6,1.14,5,1.17,5,1.17,6.02,1.2,6.06,1.15,5.45
-20,-6.16016427,41,-1027,-0.091693034,-0.164931994,-0.013852126,-0.030339033,-0.112617966,-0.01782979,-0.085980679,-0.092180129,0.114167538,0.028484702,0.059053622,0.028106885,0.011794754,-0.016713061,-0.097610825,-0.164648536,-0.013812719,-0.029996314,-0.110779029,-0.017296042,-0.084567843,-0.093175134,0.112308288,0.025306342,0.057372187,0.033130294,0.011262352,-0.017069835,0.00359801,-0.084133263,0.041223833,0.001551453,-0.085472687,0.040076144,1,Horacio Zeballos,Ivo Karlovic,29/05/2017,G,1.66,2.2,1.65,2.1,1.73,2.1,1.77,2.18,1.77,2.25,1.71,2.13
8,-9.04038329,-261,2708,0.053379897,0.035541312,0.011682648,-0.011429958,0.043170348,3.82E-05,0.025059315,0.017898378,-0.039605667,-0.005455703,-0.006086677,0.013023663,-0.00354035,0.009421087,0.040085272,0.035900694,0.012134132,-0.014190873,0.042702162,0.000955481,0.024539149,0.012046474,-0.037434349,-0.005234602,-0.005132361,0.01191924,-0.00382516,0.008737619,0.012560799,0.037714645,-0.006048457,0.012904804,0.037467559,-0.00417688,1,Grigor Dimitrov,Tommy Robredo,29/05/2017,G,1.16,5,1.15,4.75,1.17,5,1.15,6.35,1.2,6.35,1.16,5.25
-8,-6.03422314,28,-324,-0.058738322,-0.064078445,0.014735142,0.038093072,-0.062551388,0.007053078,-0.02884467,-0.017093794,0.04339214,-0.003381278,0.014906976,0.035854527,0.003898891,-0.008542481,-0.058738322,-0.064078445,0.014735142,0.038093072,-0.062551388,0.007053078,-0.02884467,-0.017093794,0.04339214,-0.003381278,0.014906976,0.035854527,0.003898891,-0.008542481,-0.016166821,-0.065932666,0.021960053,-0.016166821,-0.065932666,0.021960053,1,Nikoloz Basilashvili,Viktor Troicki,29/05/2017,G,1.72,2.1,1.75,1.95,1.8,2,1.88,2.02,1.94,2.13,1.78,2.03
,6.66119096,-9,24,0.134835524,0.011414358,0.002204281,-0.025121314,0.051980906,-0.004001908,0.024315646,-0.064740485,-0.048832239,-0.015157266,0.018463854,0.01135085,-0.000901677,0.00893133,0.134835524,0.011414358,0.002204281,-0.025121314,0.051980906,-0.004001908,0.024315646,-0.064740485,-0.048832239,-0.015157266,0.018463854,0.01135085,-0.000901677,0.00893133,0.021536826,0.03682364,0.014461946,0.021536826,0.03682364,0.014461946,1,Guillermo Garcia Lopez,Marco Trungelliti,29/05/2017,G,1.57,2.37,1.57,2.25,1.62,2.25,1.71,2.28,1.71,2.45,1.61,2.31
3,1.85626283,-57,6615,0.384259447,0.02186732,-0.001858641,0.038069952,0.040363438,0.070462678,0.05837033,0.066314171,-0.110492478,0.040632143,0.071780323,-0.013587303,0.014748554,0.052556781,0.389761027,0.022543923,-0.001791899,0.038317879,0.041722163,0.072589393,0.060072954,0.068561184,-0.113890093,0.041403452,0.072697915,-0.014313968,0.015001374,0.053765548,0.122010068,0.080995581,0.142243001,0.124479981,0.083125616,0.145287308,1,Novak Djokovic,Joao Sousa,29/05/2017,G,1.01,21,1.01,11.5,1.03,11,1.02,24.52,1.03,24.52,1.02,16.77
-5,0.84052019,-42,4427,0.374583938,-0.035028206,-0.010865542,0.095789388,0.003613905,0.065310062,0.042951333,0.075595196,-0.076316808,0.062279369,0.079451155,-0.001321109,0.020431051,0.052315534,0.376996839,-0.035439252,-0.010754554,0.09552822,0.00393163,0.065866898,0.043304933,0.07624624,-0.077020452,0.06257229,0.079920897,-0.000961196,0.020543899,0.052722759,0.127742228,0.065893274,0.144761217,0.128518882,0.066503919,0.145787795,1,Rafael Nadal,Robin Haase,29/05/2017,G,1.01,21,1.01,11.5,1.01,21,1.02,24.52,1.02,28.75,1.01,18.55
18,-6.89664613,-73,3777,0.400153485,0.127341017,-0.001634071,0.027873878,0.15299311,0.062703892,0.123875886,0.18085042,-0.243334045,-0.023648741,-0.006886124,0.012906771,-0.002742289,0.050452473,0.400153485,0.127341017,-0.001634071,0.027873878,0.15299311,0.062703892,0.123875886,0.18085042,-0.243334045,-0.023648741,-0.006886124,0.012906771,-0.002742289,0.050452473,0.073554488,0.129344368,0.055817767,0.073554488,0.129344368,0.055817767,1,Milos Raonic,Rogerio Dutra Silva,29/05/2017,G,1.05,11,1.03,9,1.05,10,1.05,13.44,1.07,15,1.04,11.12
,8.39425051,-246,1867,-0.50190056,,,,,,,,,,,,,,-0.50190056,,,,,,,,,,,,,,,,,,,,1,Albert Ramos,Benjamin Bonzi,29/05/2017,G,1.03,15,1.03,9,1.03,12,1.07,11,1.07,15,1.04,11.19
,1.54688569,-81,1501,0.19738181,0.01554455,-0.01469142,-0.028360021,0.054298771,0.02741149,0.040039823,0.016743249,-0.081167711,0.015641613,0.034434041,-0.023144853,0.006493829,0.03101029,0.210365766,0.016111303,-0.013863732,-0.029537636,0.056611597,0.027485201,0.041373661,0.019793182,-0.084755689,0.01732665,0.031697986,-0.022578081,0.006467119,0.031692895,0.06230632,0.069940384,0.061845532,0.062764506,0.073938247,0.059183187,1,Pablo Carreno Busta,Taro Daniel,29/05/2017,G,1.1,7,1.08,6.5,1.1,7,1.1,8.83,1.12,8.83,1.09,7.27
-3,-6.15195072,-44,1493,0.093157566,0.007289809,-0.002045853,-0.026335659,0.016881322,-0.009153124,0.00036451,0.028310582,-0.011839444,-0.008474554,6.48E-05,0.019473602,0.000557745,0.000288611,0.093157566,0.007289809,-0.002045853,-0.026335659,0.016881322,-0.009153124,0.00036451,0.028310582,-0.011839444,-0.008474554,6.48E-05,0.019473602,0.000557745,0.000288611,-0.004997744,0.008406768,-0.009088369,-0.004997744,0.008406768,-0.009088369,1,Lucas Pouille,Thomaz Bellucci,29/05/2017,G,1.3,3.5,1.27,3.45,1.33,3.4,1.33,3.64,1.35,3.64,1.31,3.44
0,-0.30116359,-67,1525,0.211634973,0.001824234,0.004374334,0.064705958,0.024081417,0.025043971,0.034792819,0.032587117,-0.060575913,0.036234481,0.001320511,-0.008924123,0.004891725,0.027787453,0.216527588,0.001867941,0.004304744,0.064841639,0.024355425,0.026390495,0.035483519,0.030643597,-0.06121224,0.035919581,0.002582849,-0.008576978,0.004891892,0.028224053,0.051773388,0.060315898,0.026364482,0.052920733,0.060275006,0.028973344,1,Roberto Bautista Agut,Mikhail Kukushkin,29/05/2017,G,1.12,6,1.12,5.4,1.14,5.5,1.14,6.7,1.16,6.7,1.13,5.96
,-3.97809719,5,-58,0.041373456,-0.013490695,0.004279202,0.071606349,-0.02222156,0.031845702,0.014918594,0.068099837,-0.035795031,-0.004419261,-0.009638401,0.010089921,-0.000468407,0.006366397,0.050086814,-0.013225893,0.004254474,0.072434728,-0.021337257,0.032007694,0.015696784,0.067440567,-0.037917937,-0.003673442,-0.009329426,0.009932955,-9.76E-05,0.00720277,0.002393939,-0.026640821,0.022207301,0.003662842,-0.025010699,0.022678267,1,Jiri Vesely,Aljaz Bedene,29/05/2017,G,2.2,1.66,2.1,1.65,2.2,1.67,2.37,1.66,2.37,1.8,2.21,1.66
8,-3.59479808,-121,3319,0.433870513,0.025752372,-0.000551298,-0.062997865,0.046723969,0.050896946,0.033058638,-0.011380645,-0.068510805,0.054369089,0.053402092,-0.02413514,0.011621918,0.041051392,0.433870513,0.025752372,-0.000551298,-0.062997865,0.046723969,0.050896946,0.033058638,-0.011380645,-0.068510805,0.054369089,0.053402092,-0.02413514,0.011621918,0.041051392,0.094526232,0.101093058,0.104299038,0.094526232,0.101093058,0.104299038,1,Marin Cilic,Konstantin Kravchuk,29/05/2017,G,1.02,19,1.02,10,1.03,11,1.04,16.99,1.04,21,1.02,14.39
13,0.53114305,3,-70,-0.140602454,0.091020368,0.001667855,-0.038460181,0.064266784,-0.00211774,0.030366489,0.064308853,-0.056635247,-0.062583928,-0.098375679,0.044918468,-0.022464295,-0.023479095,-0.156511131,0.08917822,0.001486878,-0.038130887,0.05924479,-0.006068132,0.025906433,0.062366933,-0.048762467,-0.063282395,-0.099314219,0.042247072,-0.022570478,-0.025534893,-0.079712425,0.001682857,-0.100493419,-0.084325448,-0.004037605,-0.10538235,1,Feliciano Lopez,David Ferrer,29/05/2017,G,2.5,1.53,2.35,1.53,2.63,1.5,2.52,1.6,2.63,1.62,2.43,1.56
23,-3.36208076,-12,867,0.16612894,0.153677499,-0.007893872,0.110272666,0.096330619,0.064570267,0.107571252,0.153039111,-0.176556559,-0.073396085,-0.065355192,0.025265581,-0.018305522,0.016273099,0.16612894,0.153677499,-0.007893872,0.110272666,0.096330619,0.064570267,0.107571252,0.153039111,-0.176556559,-0.073396085,-0.065355192,0.025265581,-0.018305522,0.016273099,-0.015139885,0.022934534,-0.000784925,-0.015139885,0.022934534,-0.000784925,1,John Isner,Paolo Lorenzi,29/05/2017,G,1.4,3,1.35,2.95,1.36,3.25,1.39,3.27,1.4,3.27,1.37,3.08
,-10.67488022,39,-1989,-0.17610284,-0.005055767,0.004241052,-0.011090954,-0.041949584,-0.020377489,-0.035220746,-0.013116849,0.054181624,0.00868662,-0.023141736,-0.02088495,-0.003473347,-0.019192107,-0.17610284,-0.005055767,0.004241052,-0.011090954,-0.041949584,-0.020377489,-0.035220746,-0.013116849,0.054181624,0.00868662,-0.023141736,-0.02088495,-0.003473347,-0.019192107,-0.037816568,-0.033262965,-0.043519226,-0.037816568,-0.033262965,-0.043519226,1,Karen Khachanov,Tomas Berdych,29/05/2017,G,4,1.25,3.75,1.23,4,1.25,4.31,1.26,4.31,1.28,4.04,1.24
-10,-2.87748118,-65,2945,0.228742942,-0.048788126,-0.02415547,0.01463587,-0.021956406,0.037917116,0.004684972,0.01799328,-0.021904322,0.023225977,0.041917135,-0.003302371,0.011068006,0.018940071,0.235693932,-0.048717182,-0.024036499,0.014802346,-0.019682718,0.039327809,0.006616867,0.015944906,-0.024612136,0.024126482,0.043193498,-0.002203518,0.011223292,0.020286817,0.045734778,0.001269571,0.079834251,0.048650909,0.004443764,0.082521307,1,Kei Nishikori,Jeremy Chardy,29/05/2017,G,1.28,3.75,1.24,3.65,1.29,3.75,1.28,4.12,1.29,4.33,1.26,3.87
15,-3.09103353,-39,570,0.116981634,-0.011129553,-0.004985797,0.075069568,-0.006379529,0.00398122,0.014662217,0.023672959,-0.028887279,-0.00472413,0.012318557,0.029261445,0.003649947,0.009606159,0.123441221,-0.011132804,-0.00493081,0.074744587,-0.005659259,0.005019423,0.015423014,0.023701223,-0.030340062,-0.004263682,0.013085076,0.029216435,0.003818185,0.010184061,0.016793206,-0.01110366,0.016299777,0.018210782,-0.009922941,0.018104499,1,Juan Martin Del Potro,Nicolas Almagro,29/05/2017,G,1.2,4.5,1.17,4.4,1.17,5,1.2,5.23,1.21,5.25,1.19,4.76
3,3.61396304,-86,5084,0.164708037,-0.013491742,-0.005674579,0.033204202,-0.00233455,0.035923182,0.021355843,0.047774738,-0.045599889,0.009093541,0.000663317,-0.026353475,0.001775566,0.013690228,0.161724803,-0.013371515,-0.005723015,0.033395431,-0.00256611,0.036239939,0.021404398,0.045273227,-0.04539686,0.008688348,0.001423501,-0.026254503,0.001761347,0.013679246,0.023386199,0.00675899,0.036586499,0.023647979,0.006122238,0.03766344,1,Stanislas Wawrinka,Alexandr Dolgopolov,29/05/2017,G,1.14,5.5,1.14,5,1.2,4.5,1.18,5.66,1.2,5.66,1.15,5.3
,-9.69746748,-13,112,0.052608552,-0.037176218,0.010677448,-0.002454421,-0.00908224,-0.0084046,-0.00933689,-0.053279289,0.017436671,0.026681753,0.05314295,0.018812768,0.009270435,0.008598762,0.071877713,-0.03755791,0.009549794,-0.002746253,-0.008993538,-0.000697386,-0.006619427,-0.044418154,0.011276645,0.025126241,0.056629563,0.018271407,0.009489497,0.010273722,0.043072787,0.017599513,0.04473835,0.046586829,0.016132703,0.055932177,1,Hyeon Chung,Denis Istomin,29/05/2017,G,1.3,3.5,1.27,3.45,1.36,3.25,1.3,3.88,1.36,4,1.3,3.54
0,2.15742642,-49,9445,0.267239017,0.027247131,-0.010742816,0.008029233,0.053637264,0.022605194,0.042590007,0.011493215,-0.071867913,0.041042475,0.038989235,-0.024105948,0.008718392,0.037448132,0.270916326,0.027185728,-0.010919074,0.007852791,0.054198841,0.023354821,0.043187971,0.013555027,-0.073395457,0.041324373,0.039670928,-0.023891421,0.008910398,0.037953522,0.086800841,0.094679739,0.06159443,0.08788396,0.095523214,0.063025749,1,Andy Murray,Martin Klizan,29/05/2017,G,1.07,9,1.06,7.25,1.08,7.5,1.08,10.16,1.09,10.16,1.07,8.5
-12,-3.25256673,-54,699,0.083647383,-0.023415258,0.016413862,0.01401939,-0.026883567,-0.016405371,-0.019777133,-0.01966969,0.039763471,0.035394853,0.016633127,-0.027207057,0.00969336,0.003960954,0.086628036,-0.023307327,0.016360726,0.013589292,-0.026463094,-0.015361265,-0.019193002,-0.018976137,0.038519353,0.034729397,0.017251156,-0.026708696,0.009600498,0.004002746,0.015627541,0.008511287,0.000227756,0.016010969,0.008266303,0.001889891,1,Fabio Fognini,Andreas Seppi,29/05/2017,G,1.4,3,1.37,2.85,1.4,3,1.41,3.16,1.43,3.16,1.39,2.98
10,8.94182067,37,-1310,-0.121802632,-0.011950583,0.001303207,-0.015601164,-0.003592972,-0.015144226,-0.011204634,0.012222501,0.019862078,0.00696766,-0.007613396,-0.027380078,-0.003087756,-0.006669242,-0.11486032,-0.011737939,0.001301662,-0.016676452,-0.003127035,-0.0138877,-0.010707168,0.009408297,0.019436548,0.007607244,-0.006633681,-0.028176456,-0.00300374,-0.006400274,-0.008684226,0.003374688,-0.022757622,-0.00721081,0.004480209,-0.020521381,1,Kevin Anderson,Nick Kyrgios,29/05/2017,G,3.25,1.36,3.1,1.32,3.25,1.36,3.33,1.38,3.35,1.38,3.19,1.35
,-2.81724846,-42,340,0.058100931,0.026795571,-0.026013083,0.006317701,0.058327691,0.045985269,0.054353358,0.003614491,-0.104740417,-0.016561979,0.004326331,0.043119754,-0.00233481,0.019615347,0.058100931,0.026795571,-0.026013083,0.006317701,0.058327691,0.045985269,0.054353358,0.003614491,-0.104740417,-0.016561979,0.004326331,0.043119754,-0.00233481,0.019615347,0.03468217,0.041765711,0.050311599,0.03468217,0.041765711,0.050311599,1,Kyle Edmund,Renzo Olivo,29/05/2017,G,1.28,3.75,1.27,3.45,1.3,3.5,1.32,3.78,1.32,4,1.28,3.69
,7.74537988,-79,1795,0.25467078,0.050215054,0.01466332,-0.031499025,0.037355097,-0.01593099,0.012785952,0.017108798,-0.034075835,0.082944784,0.057794039,-0.042740862,0.012040258,0.031908158,0.25467078,0.050215054,0.01466332,-0.031499025,0.037355097,-0.01593099,0.012785952,0.017108798,-0.034075835,0.082944784,0.057794039,-0.042740862,0.012040258,0.031908158,0.0997388,0.120299882,0.041863049,0.0997388,0.120299882,0.041863049,1,Gael Monfils,Thiago Monteiro,29/05/2017,G,1.1,7,1.09,6.25,1.11,6.5,1.11,8.17,1.11,8.17,1.1,7.01
,6.62286105,-64,1241,0.132860971,0.036703381,-0.000721267,0.008250741,0.045398179,-0.009459685,0.025082812,0.040689776,-0.05048389,0.040365382,-0.042578924,-0.029055873,-0.003281396,0.012599915,0.132860971,0.036703381,-0.000721267,0.008250741,0.045398179,-0.009459685,0.025082812,0.040689776,-0.05048389,0.040365382,-0.042578924,-0.029055873,-0.003281396,0.012599915,0.018503407,0.085763561,-0.052038609,0.018503407,0.085763561,-0.052038609,1,Pablo Cuevas,Nicolas Kicker,29/05/2017,G,1.07,9,1.07,7,1.08,7.5,1.1,8.67,1.11,10.25,1.07,8.53
0,7.33744011,-45,423,0.176161508,-0.06109833,0.001156658,0.097651789,-0.055576306,-0.003155264,-0.014374788,0.015451977,0.028375919,0.066625303,0.072082449,-0.022051495,0.017056957,0.022820091,0.185031347,-0.061055436,0.001172155,0.096965901,-0.05567818,-0.001578785,-0.013877826,0.014788223,0.025980321,0.068336233,0.071139913,-0.020846513,0.017138952,0.023657411,0.079321748,0.011048997,0.068927185,0.080207033,0.012658053,0.069561129,1,Fernando Verdasco,Pierre Hugues Herbert,29/05/2017,G,1.3,3.5,1.28,3.35,1.3,3.5,1.3,3.9,1.32,3.9,1.29,3.55
12,-5.87542779,-65,1010,0.120850995,0.018239938,-0.000654026,-0.032465242,0.046086493,0.030536212,0.034843554,0.015907098,-0.060065406,0.048273843,0.036538388,-0.009182175,0.008737919,0.034781,0.117184871,0.018301187,-0.000760048,-0.031981655,0.045667115,0.029650312,0.034340212,0.014846415,-0.05883358,0.048167806,0.036555221,-0.009247733,0.008581086,0.034495154,0.081472677,0.094360336,0.0670746,0.081026962,0.093834921,0.066205532,1,Richard Gasquet,Victor Estrella,29/05/2017,G,1.1,7,1.08,6.5,1.11,6.5,1.11,8.04,1.11,8.5,1.09,7.27
25,5.61259412,53,-2262,-0.187524534,0.008532102,-0.012628327,0.052771696,0.004970815,0.015642221,0.01948828,0.022506829,-0.041137374,-0.086160043,-0.077772049,0.032942925,-0.019771347,-0.028967401,-0.197418273,0.007218467,-0.01221947,0.052002314,0.001521501,0.012124709,0.015847412,0.01996335,-0.034614726,-0.087857963,-0.080328732,0.0340447,-0.020059718,-0.031210126,-0.089101746,-0.081189228,-0.062129828,-0.094523647,-0.086336461,-0.068204023,1,Horacio Zeballos,David Goffin,29/05/2017,G,7,1.1,5.9,1.1,6,1.13,8.16,1.11,8.16,1.13,6.8,1.1
0,-0.1560575,8,-855,-0.067316052,-0.033558206,-0.015785691,0.002929775,-0.049629756,-0.004025096,-0.03203787,-0.054262916,0.058019265,0.001405576,0.030260815,0.002406467,0.007365866,-0.00670438,-0.066876475,-0.033624499,-0.015392612,0.002389927,-0.048541554,-0.005257568,-0.031935646,-0.055340988,0.058707518,0.001834481,0.028862058,0.002828719,0.007020404,-0.006898284,-0.005574583,-0.04822418,0.026235719,-0.006122963,-0.046707073,0.02360449,1,Pablo Carreno Busta,Grigor Dimitrov,29/05/2017,G,2.3,1.61,2.2,1.6,2.25,1.62,2.36,1.68,2.4,1.71,2.26,1.64
,5.23750855,-39,1315,0.127254438,-0.043445415,-0.017148592,0.021927917,-0.022460067,0.015152713,-0.00560091,-0.008869575,0.009971306,0.035765366,0.046693852,0.002054081,0.009738873,0.01661864,0.134878356,-0.043378912,-0.017142776,0.022179013,-0.021752033,0.015309591,-0.005050783,-0.004631031,0.008252188,0.035719531,0.046914832,0.002407621,0.009893734,0.01711743,0.048461714,0.013305299,0.061846565,0.048998021,0.013967497,0.062224423,1,Roberto Bautista Agut,Jiri Vesely,29/05/2017,G,1.4,3,1.35,2.95,1.36,3.25,1.41,3.2,1.43,3.25,1.38,3.06
8,-7.56468172,-147,4078,0.239264632,0.128185949,-0.010445652,0.051438842,0.108901911,0.054842526,0.099247107,0.108222981,-0.159414791,-0.027852637,-0.041940381,0.000692124,-0.010205914,0.027697376,0.241840899,0.128332796,-0.010447812,0.051545791,0.108913713,0.055513211,0.099551645,0.1085105,-0.159884135,-0.027720772,-0.041078092,0.000428304,-0.010105983,0.028025658,0.03072373,0.081049274,0.012902145,0.031616301,0.081192941,0.014435119,1,Milos Raonic,Guillermo Garcia Lopez,29/05/2017,G,1.08,8,1.07,7,1.1,7,1.1,9.05,1.12,9.5,1.08,7.82
0,5.724846,-59,4564,0.37099254,0.003248383,-0.022052653,0.043215817,0.054917268,0.079823061,0.07017536,0.080190397,-0.121435293,0.055545628,0.045717701,-0.025771439,0.014585158,0.053433956,0.37099254,0.003248383,-0.022052653,0.043215817,0.054917268,0.079823061,0.07017536,0.080190397,-0.121435293,0.055545628,0.045717701,-0.025771439,0.014585158,0.053433956,0.12455083,0.110462896,0.125540762,0.12455083,0.110462896,0.125540762,1,Rafael Nadal,Nikoloz Basilashvili,29/05/2017,G,1.01,26,1.01,11.5,1.01,21,1.02,27.78,1.02,33.5,1.01,19.6
-3,-3.69336072,-19,2580,0.131700403,-0.03638462,-0.003115054,0.001630285,-0.022501632,0.006940724,-0.010327377,-0.003928639,0.022185273,0.048510037,0.044027842,-0.037155548,0.011538866,0.014138986,0.136206444,-0.036127724,-0.00328248,0.002047503,-0.022223233,0.007581463,-0.009824327,-0.004867147,0.021919223,0.047833426,0.044501387,-0.036744082,0.011426771,0.014284384,0.053037546,0.026008405,0.050968566,0.053249637,0.025610193,0.052082851,1,Dominic Thiem,Steve Johnson,29/05/2017,G,1.1,7,1.09,6.25,1.11,6.5,1.1,8.73,1.12,8.73,1.09,7.21
18,5.23750855,-39,6440,0.39326695,0.036869538,-0.007408723,0.040652437,0.101681525,0.064322374,0.094208912,0.112755239,-0.180016776,-0.005158996,0.017891305,-0.006350696,-0.000871659,0.04590462,0.395480446,0.036963895,-0.007427876,0.041072567,0.101835558,0.06525896,0.094716592,0.113595566,-0.181215408,-0.004576545,0.018737988,-0.006523832,-0.000696165,0.046549655,0.092622509,0.096522529,0.082213679,0.093926113,0.097259013,0.083996948,1,Novak Djokovic,Diego Sebastian Schwartzman,29/05/2017,G,1.05,11,1.04,8.5,1.06,9,1.07,11.6,1.07,11.88,1.05,9.72
3,6.1026694,3,-255,-0.103369019,-0.03800582,-0.008679439,0.07021593,-0.052669689,0.00196435,-0.017055998,-0.019942683,0.029754778,0.023153311,-0.00216579,-0.014686309,0.003703713,-0.003323775,-0.092708497,-0.036884423,-0.008757566,0.069553835,-0.049672278,0.001204931,-0.015795367,-0.012994195,0.027148213,0.024119172,-0.002745734,-0.01389064,0.004065393,-0.002208368,-0.000660868,-0.029516378,-0.000201439,0.000577913,-0.025553107,-0.001540803,1,Albert Ramos,Lucas Pouille,29/05/2017,G,2,1.8,1.95,1.75,2,1.8,2.07,1.86,2.09,2.1,1.98,1.83
10,-7.02258727,-28,2650,0.107098987,-0.008083053,-0.003909267,-0.027488633,0.011581186,0.002833549,0.001314649,-0.03514679,0.003856961,0.031927471,0.051697247,-0.026211977,0.00978781,0.0182332,0.110394632,-0.008050534,-0.003803258,-0.027569147,0.011937039,0.003040557,0.001597972,-0.034057481,0.003098743,0.032109432,0.051556218,-0.026012217,0.009831251,0.018439255,0.056280614,0.043508657,0.054530796,0.05652968,0.044046471,0.054596775,1,Marin Cilic,Feliciano Lopez,29/05/2017,G,1.16,5,1.17,4.4,1.22,4.33,1.2,5.45,1.21,5.45,1.18,4.76
,8.64339493,7,-88,0.106210886,0.073006307,0.003841289,0.051997884,0.048581523,0.002099122,0.041596908,0.081870942,-0.079298051,-0.012912957,-0.019764911,-0.015062309,-0.006009934,0.010599164,0.106210886,0.073006307,0.003841289,0.051997884,0.048581523,0.002099122,0.041596908,0.081870942,-0.079298051,-0.012912957,-0.019764911,-0.015062309,-0.006009934,0.010599164,0.009899391,0.035668566,-0.017665789,0.009899391,0.035668566,-0.017665789,1,Kevin Anderson,Kyle Edmund,29/05/2017,G,1.57,2.37,1.6,2.2,1.62,2.25,1.72,2.27,1.72,2.42,1.61,2.31
-8,1.36071184,-29,9045,0.071557961,-0.014614364,0.000980764,-0.043345595,-0.007125336,-0.008967348,-0.017451646,0.006035904,0.02924603,0.042340422,0.041934438,-0.038598557,0.010155354,0.011390074,0.072467743,-0.012739141,0.001445701,-0.045692772,-0.004266701,-0.008104805,-0.015872658,0.006053077,0.027343033,0.043606276,0.041286689,-0.039864399,0.009957262,0.011832549,0.040910536,0.035215085,0.03296709,0.04258039,0.039339575,0.033181884,1,Andy Murray,Juan Martin Del Potro,29/05/2017,G,1.33,3.4,1.32,3.1,1.36,3.25,1.36,3.5,1.36,3.5,1.34,3.23
8,2.13004791,14,-780,-0.037144349,-0.011791582,0.012549736,0.065715897,-0.018792771,-0.021224759,-0.006891561,-0.001039295,0.011714708,0.009312374,0.012523077,-0.000770239,0.002506009,0.000196838,-0.037511455,-0.011772514,0.012461279,0.065615881,-0.018633529,-0.019698084,-0.006236329,-0.002874198,0.011247899,0.009282658,0.013398309,-0.000781297,0.002445356,0.000225209,0.008549202,-0.009480397,-0.008701682,0.009624654,-0.009350871,-0.006299775,1,Fernando Verdasco,Pablo Cuevas,29/05/2017,G,2.62,1.5,2.65,1.42,2.75,1.44,2.57,1.58,2.9,1.58,2.62,1.49
5,2.15468857,-26,4345,0.133066155,0.045354811,-0.018604683,-0.010587255,0.065651145,0.062769078,0.062430477,0.075081426,-0.119220688,-0.028008645,-0.013111683,5.06E-05,-0.008776841,0.018779486,0.135395293,0.045326463,-0.018603565,-0.010117471,0.065159921,0.062922759,0.062301838,0.075521765,-0.119059732,-0.027858494,-0.012481281,-0.00020507,-0.008646598,0.01882957,0.025375076,0.0376425,0.049657395,0.025773221,0.037301427,0.050441479,1,Stanislas Wawrinka,Fabio Fognini,29/05/2017,G,1.25,4,1.25,3.6,1.29,3.75,1.28,4.15,1.3,4.33,1.26,3.83
,6.38740588,-58,2869,0.206424457,-0.000218872,-0.001100853,-0.032010475,0.015963463,0.028326037,0.014506896,0.084572689,-0.044035054,0.009453823,0.002178858,-0.001949096,0.003626681,0.014519136,0.206424457,-0.000218872,-0.001100853,-0.032010475,0.015963463,0.028326037,0.014506896,0.084572689,-0.044035054,0.009453823,0.002178858,-0.001949096,0.003626681,0.014519136,0.019685605,0.025417286,0.030504895,0.019685605,0.025417286,0.030504895,1,Kei Nishikori,Hyeon Chung,29/05/2017,G,1.3,3.5,1.28,3.35,1.36,3.25,1.33,3.71,1.36,3.71,1.31,3.42
,-11.06913074,31,-1124,-0.109605808,-0.114344674,0.011610906,-0.127443927,-0.057459337,-0.054997082,-0.084757378,-0.098732385,0.126518232,0.078217241,0.075821159,-0.025112364,0.017653957,-0.003440218,-0.109605808,-0.114344674,0.011610906,-0.127443927,-0.057459337,-0.054997082,-0.084757378,-0.098732385,0.126518232,0.078217241,0.075821159,-0.025112364,0.017653957,-0.003440218,0.042703402,0.020757903,0.020824077,0.042703402,0.020757903,0.020824077,1,Karen Khachanov,John Isner,29/05/2017,G,2.2,1.66,2.15,1.62,2.1,1.73,2.14,1.81,2.25,1.81,2.13,1.71
8,-0.20533881,-9,760,0.01670612,0.033321273,0.014018041,0.018035834,0.000117829,-0.039098689,-0.010821056,0.02100352,0.00670395,0.017404665,-0.014389183,-0.042193925,0.00137061,-0.002957676,0.016057484,0.035049977,0.01453808,0.017542951,0.001762841,-0.038928074,-0.00981185,0.018805256,0.006202866,0.018578967,-0.014709323,-0.043660164,0.001318808,-0.002482862,-0.006999686,0.017522494,-0.053487873,-0.005605572,0.020341808,-0.053637397,1,Gael Monfils,Richard Gasquet,29/05/2017,G,1.61,2.3,1.62,2.15,1.67,2.2,1.71,2.3,1.75,2.3,1.66,2.21
-8,-0.53935661,15,-2405,-0.15090299,-0.12110158,-0.015711332,0.003939242,-0.111805756,-0.030779396,-0.080654149,-0.124982801,0.141369933,0.029186355,0.06073116,0.000738804,0.01503995,-0.01430398,-0.16047271,-0.121971091,-0.015647005,0.003558287,-0.112383018,-0.030961751,-0.081218204,-0.125228636,0.14145269,0.02676653,0.059849743,0.003013845,0.014639858,-0.015379651,-0.003128789,-0.082619401,0.029951764,-0.005677659,-0.085616489,0.028887992,1,Pablo Carreno Busta,Milos Raonic,29/05/2017,G,2.5,1.53,2.4,1.5,2.5,1.53,2.74,1.53,2.74,1.63,2.46,1.55
2,1.86447639,-14,3220,0.211524674,-0.002593613,-0.002518714,0.027081106,0.022023207,0.029047706,0.02847102,0.035881089,-0.050134715,0.043443215,0.031490891,-0.015436539,0.01265558,0.029254306,0.214448082,-0.002434341,-0.002410127,0.026879606,0.022414102,0.029931367,0.028994255,0.035644065,-0.050974307,0.043651349,0.031980464,-0.015492397,0.012688348,0.029549828,0.073881873,0.065466421,0.060538597,0.074778156,0.06606545,0.061911831,1,Rafael Nadal,Roberto Bautista Agut,29/05/2017,G,1.02,19,1.01,11.5,1.02,15,1.03,21.1,1.04,21.1,1.02,15.35
-3,-8.35318276,-58,3352,0.229411421,-0.004261348,0.002544227,-0.02948894,0.017086399,0.011639037,0.009324465,0.001782567,-0.011356043,0.071672657,0.039913287,-0.046856213,0.013222408,0.029700016,0.229411421,-0.004261348,0.002544227,-0.02948894,0.017086399,0.011639037,0.009324465,0.001782567,-0.011356043,0.071672657,0.039913287,-0.046856213,0.013222408,0.029700016,0.079272878,0.088759056,0.051552324,0.079272878,0.088759056,0.051552324,1,Dominic Thiem,Horacio Zeballos,29/05/2017,G,1.04,13,1.03,9,1.05,10,1.05,14.88,1.1,15.08,1.04,11.54
0,0.65708419,-18,5380,0.358222488,0.022040325,-0.005474887,0.034076664,0.058743318,0.047693845,0.060362707,0.055755818,-0.101635573,0.029592743,0.058369736,-0.004127363,0.010796121,0.047469307,0.364878903,0.022157089,-0.005688869,0.034004964,0.059807798,0.04861577,0.061359247,0.055659986,-0.103521286,0.031077083,0.059309712,-0.004393202,0.011111779,0.048627532,0.108610929,0.088336061,0.106063582,0.110954879,0.090884882,0.107925482,1,Novak Djokovic,Albert Ramos,29/05/2017,G,1.1,7,1.09,6.25,1.11,6,1.13,7.47,1.15,8.75,1.1,6.92
,9.0184805,-52,9474,0.294891497,-0.010140812,-0.004400135,0.030114054,0.01485989,0.01129483,0.020042111,-0.003133469,-0.028028206,0.037479473,0.055025199,-0.007001817,0.014554324,0.030748294,0.294891497,-0.010140812,-0.004400135,0.030114054,0.01485989,0.01129483,0.020042111,-0.003133469,-0.028028206,0.037479473,0.055025199,-0.007001817,0.014554324,0.030748294,0.076387916,0.052339362,0.066320029,0.076387916,0.052339362,0.066320029,1,Andy Murray,Karen Khachanov,29/05/2017,G,1.12,6,1.11,5.6,1.14,5.5,1.14,6.92,1.2,7.01,1.13,6.06
-10,-6.12183436,-28,2565,0.163277991,-0.019653754,-0.017439985,-0.059676036,0.009622981,0.02302621,0.003158778,0.006250377,-0.016940517,0.003702283,0.031127203,0.0209275,0.006635058,0.011310852,0.172099324,-0.019701759,-0.017180598,-0.059568399,0.009838481,0.02320118,0.00335356,0.007445111,-0.017389728,0.004272582,0.031206475,0.020868173,0.006644349,0.011431859,0.025097265,0.013325264,0.054153413,0.025642105,0.014111063,0.054407655,1,Kei Nishikori,Fernando Verdasco,29/05/2017,G,1.61,2.25,1.6,2.2,1.62,2.25,1.69,2.33,1.71,2.41,1.64,2.28
-10,1.42915811,-13,3330,0.020382312,-0.016657689,-0.012322149,-0.056982236,0.016511433,0.045530941,0.01607574,0.018203023,-0.025340963,-0.026357027,-0.001683184,0.011029778,-0.005723413,0.000821769,0.020246092,-0.016506577,-0.012356615,-0.056925021,0.016671514,0.045349795,0.016121521,0.018129896,-0.025402197,-0.02613237,-0.001739943,0.010904017,-0.005690122,0.000880517,-0.005225981,-0.009845594,0.043847757,-0.005076202,-0.009460857,0.043609851,1,Stanislas Wawrinka,Gael Monfils,29/05/2017,G,1.3,3.5,1.28,3.35,1.33,3.4,1.4,3.28,1.4,3.7,1.32,3.41
-5,-2.36550308,-48,2920,0.088488698,-0.027821703,-0.005603169,-0.080246681,0.007938854,-0.001109059,-0.014710404,-0.046652714,0.024989739,0.039183929,0.033384885,-0.002255427,0.00976693,0.009754135,0.093352962,-0.027235926,-0.005564461,-0.080736593,0.009043799,0.00055842,-0.013535585,-0.045981977,0.023326835,0.039650448,0.034182257,-0.002337161,0.009762235,0.010169701,0.037196832,0.047122784,0.032275826,0.038902189,0.048694248,0.034740676,1,Marin Cilic,Kevin Anderson,29/05/2017,G,1.25,4,1.22,3.85,1.25,4,1.27,4.31,1.3,4.35,1.25,3.98
-3,-6.28610541,5,-3300,-0.176933143,0.005427805,0.007256438,-0.055733341,0.000167315,-0.022660508,-0.01852984,-0.015720591,0.033293286,-0.037358304,-0.058054139,0.00174147,-0.01158444,-0.031356806,-0.196451997,0.004924136,0.007426685,-0.055796916,-0.002821778,-0.027190014,-0.022085311,-0.026376325,0.041107148,-0.039002335,-0.061229216,0.001693306,-0.012577797,-0.034436617,-0.07929785,-0.037190989,-0.080714646,-0.085387235,-0.041824114,-0.08841923,1,Dominic Thiem,Novak Djokovic,29/05/2017,G,2.75,1.44,2.75,1.4,3,1.4,3,1.46,3.05,1.46,2.85,1.43
-3,5.10609172,-17,3330,0.288668312,-0.014690304,-0.001720065,0.065475967,0.02148449,0.047010466,0.040979199,0.086953153,-0.081208736,0.056489169,0.030210683,-0.004431131,0.012229428,0.038774036,0.299042666,-0.013973639,-0.00200041,0.065039052,0.022001177,0.049183239,0.041956767,0.087523295,-0.084100571,0.055720132,0.032234731,-0.004635859,0.012641639,0.039705719,0.091743245,0.077973659,0.07722115,0.093336638,0.077721309,0.08141797,1,Rafael Nadal,Pablo Carreno Busta,29/05/2017,G,1.02,19,1.01,11.5,1.02,15,1.03,21.1,1.04,26,1.02,16
12,2.62559891,-8,6720,0.051764421,0.037769547,0.00059241,-0.020759262,0.025906955,-0.016787959,0.004865392,-0.013721188,0.001625325,0.026201074,0.012471234,-0.025499584,0.00465215,0.010975881,0.064032305,0.038530303,7.61E-05,-0.020852788,0.027620969,-0.01418443,0.00685052,-0.010043737,-0.002339746,0.027773366,0.013527504,-0.026286457,0.00498725,0.012449189,0.029407348,0.05210803,-0.004316724,0.032778436,0.055394336,-0.000656926,1,Andy Murray,Kei Nishikori,29/05/2017,G,1.25,4,1.23,3.75,1.25,4,1.25,4.55,1.3,4.55,1.24,4.1
-15,3.50444901,-5,1930,0.025906463,-0.033749172,-0.0036317,0.020453715,-0.025561531,0.020594392,-0.001340091,0.010470952,-0.002033252,-0.005583834,-0.006176838,-0.013879503,0.000105836,-0.001389291,0.045470495,-0.032620503,-0.003515389,0.021101068,-0.025589785,0.024231222,0.000389969,0.013904118,-0.00535439,-0.005810284,-0.001756297,-0.013834338,0.000596866,0.000179564,-0.008873177,-0.031145364,0.014417554,-0.004694734,-0.031400068,0.022474925,1,Stanislas Wawrinka,Marin Cilic,29/05/2017,G,1.4,3,1.37,2.85,1.4,3,1.43,3.14,1.47,3.15,1.41,2.94
-7,2.13004791,2,-4675,-0.101179675,0.000763766,-0.001685661,-0.012525401,4.96E-05,0.031876688,0.010576081,0.025261567,-0.022128039,-0.040937205,-0.049975795,0.000163376,-0.012687958,-0.014956698,-0.104204419,0.000942061,-0.001743716,-0.012916291,-0.00070357,0.030947088,0.009668627,0.024803744,-0.020223285,-0.040919955,-0.049152711,-6.86E-05,-0.012653694,-0.015279339,-0.050820299,-0.040887643,-0.018099107,-0.05101871,-0.041623525,-0.018205623,1,Stanislas Wawrinka,Andy Murray,29/05/2017,G,1.66,2.2,1.65,2.1,1.73,2.1,1.75,2.25,1.75,2.3,1.69,2.19
0,7.25256674,-3,1230,0.165856978,-0.032058325,-0.012590594,0.095544552,-0.018882785,0.025871265,0.013806083,0.033102988,-0.026019947,0.055393313,0.052626153,-0.000278722,0.015640432,0.032164243,0.174760638,-0.031684873,-0.012133455,0.094235457,-0.016010243,0.0270452,0.015524029,0.035582779,-0.029078427,0.053979177,0.0534509,0.001034307,0.015774416,0.033177125,0.08337126,0.036510529,0.078497419,0.084258346,0.037968934,0.0804961,1,Rafael Nadal,Dominic Thiem,29/05/2017,G,1.2,4.5,1.2,4.1,1.2,4.5,1.25,4.61,1.3,4.87,1.22,4.41
2,-1.18275154,1,-320,0.13479459,-0.046120196,-0.007976665,0.112096413,-0.029812052,0.009878099,0.003688598,0.00990597,-0.002257559,0.058302716,0.051208399,0.010298893,0.017337364,0.026483118,0.146518324,-0.046122409,-0.008167684,0.112660018,-0.028198779,0.012268732,0.005837728,0.009909269,-0.006634879,0.058055475,0.051997646,0.011174872,0.017541932,0.027863705,0.076116181,0.028490664,0.061086498,0.078200485,0.029856695,0.064266378,1,Rafael Nadal,Stanislas Wawrinka,29/05/2017,G,1.2,5,1.17,4.4,1.2,4.5,1.21,5.3,1.25,5.3,1.2,4.79
